n_targets,n_agents,time,targets_per_agent
5,1,0.0026895999908447266,[5]
5,1,0.0022735595703125,[5]
5,1,0.0020020008087158203,[5]
5,1,0.0019669532775878906,[5]
5,1,0.0020742416381835938,[5]
10,1,0.004644632339477539,[10]
10,1,0.0035593509674072266,[10]
10,1,0.0032181739807128906,[10]
10,1,0.0031354427337646484,[10]
10,1,0.0038270950317382812,[10]
15,1,0.007283687591552734,[15]
15,1,0.009149789810180664,[15]
15,1,0.008046388626098633,[15]
15,1,0.007112264633178711,[15]
15,1,0.008198261260986328,[15]
20,1,0.0202181339263916,[20]
20,1,0.018266916275024414,[20]
20,1,0.014725446701049805,[20]
20,1,0.013796567916870117,[20]
20,1,0.0165865421295166,[20]
25,1,0.021888017654418945,[25]
25,1,0.05037117004394531,[25]
25,1,0.04678010940551758,[25]
25,1,0.02450275421142578,[25]
25,1,0.023854732513427734,[25]
30,1,0.04810690879821777,[30]
30,1,0.06313705444335938,[30]
30,1,0.043834686279296875,[30]
30,1,0.04513216018676758,[30]
30,1,0.038320302963256836,[30]
35,2,0.02375173568725586,"[14, 21]"
35,2,0.017619609832763672,"[19, 16]"
35,2,0.02446436882019043,"[21, 14]"
35,2,0.02560138702392578,"[15, 20]"
35,2,0.025668621063232422,"[16, 19]"
40,2,0.03782081604003906,"[22, 18]"
40,2,0.03510737419128418,"[17, 23]"
40,2,0.03581404685974121,"[24, 16]"
40,2,0.02852940559387207,"[17, 23]"
40,2,0.044379234313964844,"[18, 22]"
45,2,0.05493903160095215,"[17, 28]"
45,2,0.09979438781738281,"[17, 28]"
45,2,0.03795814514160156,"[27, 18]"
45,2,0.07618045806884766,"[23, 22]"
45,2,0.056488990783691406,"[28, 17]"
50,2,0.059688568115234375,"[31, 19]"
50,2,0.07000017166137695,"[32, 18]"
50,2,0.07973098754882812,"[36, 14]"
50,2,0.05350065231323242,"[29, 21]"
50,2,0.050580739974975586,"[20, 30]"
55,2,0.07337188720703125,"[27, 28]"
55,2,0.08850741386413574,"[26, 29]"
55,2,0.06798863410949707,"[30, 25]"
55,2,0.06590867042541504,"[26, 29]"
55,2,0.07538390159606934,"[27, 28]"
60,2,0.1032724380493164,"[32, 28]"
60,2,0.11337590217590332,"[31, 29]"
60,2,0.09931731224060059,"[35, 25]"
60,2,0.13842058181762695,"[29, 31]"
60,2,0.11470675468444824,"[31, 29]"
65,3,0.06932687759399414,"[18, 25, 22]"
65,3,0.06388330459594727,"[26, 18, 21]"
65,3,0.060468196868896484,"[25, 17, 23]"
65,3,0.05180692672729492,"[21, 25, 19]"
65,3,0.06146645545959473,"[27, 14, 24]"
70,3,0.09654450416564941,"[20, 23, 27]"
70,3,0.06206989288330078,"[25, 23, 22]"
70,3,0.08415389060974121,"[16, 26, 28]"
70,3,0.08024740219116211,"[25, 22, 23]"
70,3,0.10164141654968262,"[29, 23, 18]"
75,3,0.09097790718078613,"[16, 26, 33]"
75,3,0.09449124336242676,"[20, 34, 21]"
75,3,0.09730315208435059,"[22, 29, 24]"
75,3,0.11240959167480469,"[22, 33, 20]"
75,3,0.11225628852844238,"[22, 28, 25]"
80,3,0.10497331619262695,"[27, 26, 27]"
80,3,0.09778547286987305,"[22, 26, 32]"
80,3,0.11274337768554688,"[24, 27, 29]"
80,3,0.09625887870788574,"[20, 30, 30]"
80,3,0.18342018127441406,"[29, 27, 24]"
85,3,0.15791797637939453,"[21, 30, 34]"
85,3,0.1297008991241455,"[29, 36, 20]"
85,3,0.12506437301635742,"[29, 22, 34]"
85,3,0.1713852882385254,"[22, 23, 40]"
85,3,0.11615943908691406,"[21, 31, 33]"
90,3,0.4028890132904053,"[20, 27, 43]"
90,3,0.14692187309265137,"[28, 37, 25]"
90,3,0.23537778854370117,"[30, 31, 29]"
90,3,0.1838397979736328,"[36, 22, 32]"
90,3,0.16683483123779297,"[37, 26, 27]"
95,4,0.1523737907409668,"[25, 22, 18, 30]"
95,4,0.16082406044006348,"[26, 20, 32, 17]"
95,4,0.10512256622314453,"[24, 25, 23, 23]"
95,4,0.13803982734680176,"[15, 18, 32, 30]"
95,4,0.15515470504760742,"[24, 34, 23, 14]"
100,4,0.18636107444763184,"[18, 30, 33, 19]"
100,4,0.2026653289794922,"[20, 31, 32, 17]"
100,4,0.12639427185058594,"[27, 19, 23, 31]"
100,4,0.12293457984924316,"[29, 23, 26, 22]"
100,4,0.17544221878051758,"[15, 25, 24, 36]"
105,4,0.26536107063293457,"[27, 33, 28, 17]"
105,4,0.1443946361541748,"[26, 26, 28, 25]"
105,4,0.12614178657531738,"[23, 24, 29, 29]"
105,4,0.16318678855895996,"[26, 33, 21, 25]"
105,4,0.1377427577972412,"[29, 25, 21, 30]"
110,4,0.1993718147277832,"[30, 25, 22, 33]"
110,4,0.1647486686706543,"[26, 22, 29, 33]"
110,4,0.25896310806274414,"[39, 29, 23, 19]"
110,4,0.20830082893371582,"[20, 26, 31, 33]"
110,4,0.2037220001220703,"[21, 32, 33, 24]"
115,4,0.1920924186706543,"[33, 28, 26, 28]"
115,4,0.18542766571044922,"[37, 28, 24, 26]"
115,4,0.2429521083831787,"[25, 31, 29, 30]"
115,4,0.13753175735473633,"[31, 31, 29, 24]"
115,4,0.19591212272644043,"[28, 28, 32, 27]"
120,4,0.22289156913757324,"[28, 32, 36, 24]"
120,4,0.20395755767822266,"[31, 28, 35, 26]"
120,4,0.18692827224731445,"[21, 25, 35, 39]"
120,4,0.31687307357788086,"[23, 31, 32, 34]"
120,4,0.29166579246520996,"[21, 23, 36, 40]"
125,5,0.20516037940979004,"[15, 23, 38, 28, 21]"
125,5,0.20848679542541504,"[24, 26, 24, 24, 27]"
125,5,0.15093183517456055,"[28, 26, 21, 28, 22]"
125,5,0.22022414207458496,"[31, 21, 33, 14, 26]"
125,5,0.15171504020690918,"[21, 21, 32, 21, 30]"
130,5,0.13840103149414062,"[23, 28, 27, 27, 25]"
130,5,0.2117772102355957,"[36, 17, 20, 29, 28]"
130,5,0.28630971908569336,"[34, 34, 21, 21, 20]"
130,5,0.21437692642211914,"[19, 25, 27, 32, 27]"
130,5,0.22803664207458496,"[17, 33, 25, 33, 22]"
135,5,0.20401358604431152,"[29, 23, 33, 21, 29]"
135,5,0.2203371524810791,"[21, 27, 29, 23, 35]"
135,5,0.228743314743042,"[23, 34, 27, 22, 29]"
135,5,0.3501276969909668,"[14, 30, 42, 23, 26]"
135,5,0.16771745681762695,"[34, 23, 23, 34, 21]"
140,5,0.21598196029663086,"[28, 38, 19, 25, 30]"
140,5,0.2312476634979248,"[36, 26, 27, 25, 26]"
140,5,0.24910902976989746,"[27, 32, 32, 28, 21]"
140,5,0.2172098159790039,"[33, 20, 30, 30, 27]"
140,5,0.2567005157470703,"[29, 26, 21, 27, 37]"
145,5,0.3667724132537842,"[38, 15, 35, 26, 31]"
145,5,0.2226245403289795,"[23, 35, 29, 32, 26]"
145,5,0.2519392967224121,"[33, 32, 22, 24, 34]"
145,5,0.2672696113586426,"[27, 34, 27, 28, 29]"
145,5,0.2451622486114502,"[30, 39, 24, 31, 21]"
150,5,0.3230166435241699,"[25, 26, 30, 45, 24]"
150,5,0.3648829460144043,"[34, 32, 33, 20, 31]"
150,5,0.31447625160217285,"[39, 36, 23, 22, 30]"
150,5,0.2974836826324463,"[27, 28, 34, 18, 43]"
150,5,0.3357679843902588,"[27, 19, 35, 45, 24]"
155,6,0.21083426475524902,"[19, 34, 29, 22, 24, 27]"
155,6,0.21602702140808105,"[31, 23, 24, 22, 21, 34]"
155,6,0.22261834144592285,"[29, 24, 33, 18, 24, 27]"
155,6,0.31336355209350586,"[27, 25, 32, 21, 22, 28]"
155,6,0.21935367584228516,"[19, 25, 20, 20, 26, 45]"
160,6,0.2276134490966797,"[32, 28, 30, 20, 28, 22]"
160,6,0.2600233554840088,"[23, 30, 35, 28, 20, 24]"
160,6,0.34583401679992676,"[23, 16, 19, 39, 27, 36]"
160,6,0.311431884765625,"[29, 22, 27, 22, 37, 23]"
160,6,0.22927021980285645,"[28, 29, 28, 22, 26, 27]"
165,6,0.2302560806274414,"[27, 31, 24, 31, 21, 31]"
165,6,0.2313399314880371,"[36, 21, 28, 22, 26, 32]"
165,6,0.3424663543701172,"[14, 51, 24, 24, 27, 25]"
165,6,0.24908113479614258,"[17, 40, 27, 29, 29, 23]"
165,6,0.2922966480255127,"[18, 33, 18, 33, 30, 33]"
170,6,0.42884135246276855,"[26, 24, 22, 28, 46, 24]"
170,6,0.3342914581298828,"[30, 30, 35, 26, 23, 26]"
170,6,0.3087592124938965,"[29, 28, 30, 17, 29, 37]"
170,6,0.25353097915649414,"[28, 16, 29, 31, 29, 37]"
170,6,0.3257782459259033,"[32, 29, 39, 28, 18, 24]"
175,6,0.4853076934814453,"[39, 29, 29, 27, 32, 19]"
175,6,0.2262861728668213,"[29, 26, 29, 22, 37, 32]"
175,6,0.3655083179473877,"[28, 35, 37, 26, 25, 24]"
175,6,0.3063232898712158,"[35, 31, 30, 22, 23, 34]"
175,6,0.3803286552429199,"[35, 38, 21, 29, 20, 32]"
180,6,0.4993877410888672,"[40, 25, 36, 28, 30, 21]"
180,6,0.4172022342681885,"[20, 25, 49, 27, 39, 20]"
180,6,0.3429837226867676,"[29, 32, 23, 37, 25, 34]"
180,6,0.43865299224853516,"[24, 27, 31, 29, 29, 40]"
180,6,0.32092714309692383,"[31, 24, 36, 30, 26, 33]"
185,7,0.3232884407043457,"[19, 21, 31, 26, 30, 27, 31]"
185,7,0.2447354793548584,"[30, 27, 28, 29, 25, 24, 22]"
185,7,0.4219357967376709,"[16, 36, 28, 28, 25, 18, 34]"
185,7,0.31873440742492676,"[23, 27, 24, 27, 24, 34, 26]"
185,7,0.30597567558288574,"[31, 30, 27, 27, 23, 22, 25]"
190,7,0.29305553436279297,"[27, 20, 24, 29, 28, 28, 34]"
190,7,0.46776580810546875,"[35, 39, 24, 19, 29, 16, 28]"
190,7,0.3314075469970703,"[36, 15, 23, 35, 27, 25, 29]"
190,7,0.3662436008453369,"[27, 18, 28, 21, 34, 36, 26]"
190,7,0.3163578510284424,"[26, 25, 33, 27, 24, 23, 32]"
195,7,0.29101085662841797,"[27, 23, 27, 22, 24, 38, 34]"
195,7,0.290569543838501,"[33, 21, 27, 32, 26, 27, 29]"
195,7,0.40743494033813477,"[21, 30, 20, 30, 27, 27, 40]"
195,7,0.41994619369506836,"[22, 19, 36, 28, 23, 21, 46]"
195,7,0.29704737663269043,"[30, 32, 21, 30, 31, 34, 17]"
200,7,0.31458139419555664,"[19, 33, 29, 29, 20, 36, 34]"
200,7,0.45030808448791504,"[24, 17, 36, 32, 41, 29, 21]"
200,7,0.39911413192749023,"[33, 27, 28, 31, 26, 30, 25]"
200,7,0.5274395942687988,"[20, 32, 41, 20, 34, 27, 26]"
200,7,0.4140787124633789,"[41, 21, 27, 35, 23, 29, 24]"
205,7,0.30887579917907715,"[29, 20, 33, 34, 29, 28, 32]"
205,7,0.2940685749053955,"[36, 35, 22, 28, 29, 31, 24]"
205,7,0.39174389839172363,"[30, 18, 33, 32, 34, 31, 27]"
205,7,0.3809652328491211,"[23, 36, 38, 25, 30, 26, 27]"
205,7,0.32250070571899414,"[23, 33, 25, 30, 25, 33, 36]"
210,7,0.38022494316101074,"[29, 34, 19, 34, 33, 32, 29]"
210,7,0.44054293632507324,"[32, 33, 32, 31, 33, 17, 32]"
210,7,0.47107982635498047,"[21, 27, 30, 31, 36, 39, 26]"
210,7,0.5182762145996094,"[19, 36, 33, 28, 21, 39, 34]"
210,7,0.6087679862976074,"[38, 21, 41, 34, 22, 32, 22]"
215,8,0.3703725337982178,"[26, 31, 27, 20, 40, 14, 37, 20]"
215,8,0.4181506633758545,"[32, 34, 20, 29, 24, 25, 27, 24]"
215,8,0.31308650970458984,"[28, 29, 24, 23, 24, 27, 27, 33]"
215,8,0.2869117259979248,"[27, 21, 30, 25, 29, 30, 23, 30]"
215,8,0.35893821716308594,"[30, 26, 22, 22, 20, 29, 28, 38]"
220,8,0.36328601837158203,"[23, 20, 25, 35, 25, 37, 27, 28]"
220,8,0.381211519241333,"[37, 27, 22, 22, 20, 29, 37, 26]"
220,8,0.26555562019348145,"[36, 22, 23, 31, 28, 34, 25, 21]"
220,8,0.3439059257507324,"[23, 24, 33, 36, 30, 33, 20, 21]"
220,8,0.31235504150390625,"[33, 19, 32, 25, 25, 29, 29, 28]"
225,8,0.34052014350891113,"[25, 29, 25, 30, 20, 35, 34, 27]"
225,8,0.4229440689086914,"[35, 24, 26, 31, 27, 30, 20, 32]"
225,8,0.3938925266265869,"[21, 23, 41, 38, 27, 22, 21, 32]"
225,8,0.38715100288391113,"[37, 25, 24, 16, 31, 25, 28, 39]"
225,8,0.44895219802856445,"[27, 37, 33, 28, 31, 31, 25, 13]"
230,8,0.4595170021057129,"[34, 22, 28, 24, 30, 28, 27, 37]"
230,8,0.4165990352630615,"[34, 32, 31, 24, 22, 31, 29, 27]"
230,8,0.4574613571166992,"[23, 26, 38, 32, 23, 22, 37, 29]"
230,8,0.45014429092407227,"[32, 32, 28, 18, 32, 34, 33, 21]"
230,8,0.4557335376739502,"[41, 18, 29, 28, 29, 37, 22, 26]"
235,8,0.5046727657318115,"[31, 35, 39, 33, 27, 18, 34, 18]"
235,8,0.3796982765197754,"[27, 35, 27, 30, 26, 27, 23, 40]"
235,8,0.4739689826965332,"[31, 32, 33, 30, 27, 28, 26, 28]"
235,8,0.4140608310699463,"[21, 28, 30, 30, 26, 40, 32, 28]"
235,8,0.45089077949523926,"[39, 30, 30, 25, 26, 28, 22, 35]"
240,8,0.5195658206939697,"[31, 31, 27, 31, 28, 23, 26, 43]"
240,8,0.4979386329650879,"[30, 26, 32, 19, 33, 36, 32, 32]"
240,8,0.533968448638916,"[40, 18, 29, 33, 25, 35, 28, 32]"
240,8,0.45240306854248047,"[25, 32, 42, 28, 39, 29, 23, 22]"
240,8,0.6005113124847412,"[30, 23, 42, 35, 33, 35, 23, 19]"
245,9,0.39540767669677734,"[20, 20, 30, 30, 32, 29, 28, 28, 28]"
245,9,0.5355324745178223,"[30, 34, 27, 19, 29, 18, 33, 26, 29]"
245,9,0.338702917098999,"[30, 24, 27, 24, 26, 28, 32, 28, 26]"
245,9,0.39403843879699707,"[25, 29, 36, 27, 27, 35, 20, 21, 25]"
245,9,0.3630650043487549,"[30, 27, 20, 31, 34, 24, 19, 28, 32]"
250,9,0.3650791645050049,"[29, 23, 29, 28, 25, 25, 23, 32, 36]"
250,9,0.4748539924621582,"[23, 29, 20, 33, 20, 37, 33, 29, 26]"
250,9,0.48205137252807617,"[22, 24, 34, 39, 19, 28, 27, 27, 30]"
250,9,0.42595553398132324,"[25, 25, 32, 25, 25, 36, 27, 35, 20]"
250,9,0.5328507423400879,"[20, 26, 33, 26, 25, 23, 27, 35, 35]"
255,9,0.5121796131134033,"[21, 31, 25, 28, 22, 41, 27, 34, 26]"
255,9,0.36610984802246094,"[23, 26, 29, 31, 20, 30, 32, 22, 42]"
255,9,0.4681529998779297,"[22, 21, 35, 32, 24, 24, 28, 39, 30]"
255,9,0.49474382400512695,"[20, 30, 27, 34, 34, 30, 23, 35, 22]"
255,9,0.45115041732788086,"[37, 31, 29, 30, 24, 29, 16, 22, 37]"
260,9,0.6016101837158203,"[27, 31, 25, 23, 50, 29, 19, 26, 30]"
260,9,0.5358552932739258,"[33, 28, 22, 36, 32, 38, 22, 27, 22]"
260,9,0.7025895118713379,"[27, 34, 35, 36, 31, 28, 20, 35, 14]"
260,9,0.5324962139129639,"[25, 30, 36, 23, 14, 36, 32, 41, 23]"
260,9,0.49096107482910156,"[25, 29, 34, 21, 35, 23, 26, 34, 33]"
265,9,0.45741844177246094,"[33, 27, 31, 31, 23, 39, 27, 35, 19]"
265,9,0.49853944778442383,"[34, 34, 26, 31, 25, 35, 20, 29, 31]"
265,9,0.5106959342956543,"[26, 32, 22, 36, 31, 23, 38, 35, 22]"
265,9,0.8262145519256592,"[34, 30, 26, 46, 16, 19, 38, 31, 25]"
265,9,0.6481103897094727,"[36, 27, 35, 26, 24, 27, 37, 31, 22]"
270,9,0.6083834171295166,"[41, 27, 31, 29, 27, 37, 32, 23, 23]"
270,9,0.5031013488769531,"[37, 29, 28, 23, 37, 24, 25, 38, 29]"
270,9,0.47492051124572754,"[35, 29, 38, 37, 34, 18, 28, 28, 23]"
270,9,0.5865466594696045,"[23, 33, 28, 28, 25, 41, 34, 29, 29]"
270,9,0.4921863079071045,"[31, 29, 28, 34, 27, 38, 29, 20, 34]"
275,10,0.5296626091003418,"[30, 7, 30, 21, 42, 32, 28, 35, 31, 19]"
275,10,0.5699462890625,"[26, 24, 28, 29, 27, 20, 33, 36, 30, 22]"
275,10,0.43381237983703613,"[25, 16, 28, 20, 39, 31, 17, 23, 34, 42]"
275,10,0.4496896266937256,"[32, 18, 37, 25, 26, 27, 25, 34, 23, 28]"
275,10,0.436779260635376,"[35, 31, 30, 26, 29, 27, 24, 29, 14, 30]"
280,10,0.479248046875,"[28, 36, 26, 26, 28, 27, 26, 30, 29, 24]"
280,10,0.5888264179229736,"[21, 32, 23, 30, 41, 27, 29, 26, 27, 24]"
280,10,0.5031437873840332,"[32, 20, 23, 33, 32, 30, 31, 34, 29, 16]"
280,10,0.584500789642334,"[29, 34, 29, 29, 20, 33, 23, 33, 20, 30]"
280,10,0.5923442840576172,"[24, 20, 41, 24, 26, 41, 25, 36, 14, 29]"
285,10,0.7314167022705078,"[44, 16, 15, 36, 19, 29, 37, 34, 28, 27]"
285,10,0.6353204250335693,"[27, 28, 33, 37, 18, 30, 32, 19, 42, 19]"
285,10,0.6883656978607178,"[29, 21, 23, 55, 20, 34, 24, 29, 25, 25]"
285,10,0.6678907871246338,"[46, 25, 38, 14, 21, 27, 34, 24, 33, 23]"
285,10,0.5038344860076904,"[31, 29, 24, 29, 21, 31, 28, 30, 34, 28]"
290,10,0.5448040962219238,"[29, 25, 28, 27, 32, 24, 31, 32, 31, 31]"
290,10,0.7293577194213867,"[16, 44, 27, 27, 36, 47, 29, 19, 26, 19]"
290,10,0.6678035259246826,"[30, 21, 36, 34, 30, 29, 27, 27, 21, 35]"
290,10,0.6630885601043701,"[28, 26, 39, 25, 38, 23, 30, 33, 30, 18]"
290,10,0.6622576713562012,"[19, 55, 26, 22, 29, 24, 27, 31, 30, 27]"
295,10,0.6214487552642822,"[25, 29, 26, 30, 29, 31, 36, 28, 34, 27]"
295,10,0.5703117847442627,"[15, 29, 37, 21, 31, 31, 33, 27, 30, 41]"
295,10,0.5308623313903809,"[32, 24, 32, 32, 38, 37, 12, 29, 33, 26]"
295,10,0.6228997707366943,"[29, 26, 25, 37, 25, 25, 42, 28, 30, 28]"
295,10,0.7108020782470703,"[49, 15, 31, 21, 34, 37, 32, 25, 20, 31]"
300,10,0.6412816047668457,"[39, 33, 25, 24, 31, 24, 34, 31, 24, 35]"
300,10,0.6345901489257812,"[25, 30, 42, 23, 21, 25, 28, 36, 30, 40]"
300,10,0.5409336090087891,"[29, 23, 37, 34, 36, 30, 28, 32, 28, 23]"
300,10,0.7058377265930176,"[28, 18, 28, 42, 28, 33, 27, 49, 17, 30]"
300,10,0.5944128036499023,"[19, 29, 27, 43, 32, 30, 30, 30, 36, 24]"
305,11,0.6619794368743896,"[26, 25, 26, 17, 21, 34, 33, 34, 33, 27, 29]"
305,11,0.8401298522949219,"[42, 27, 28, 36, 10, 19, 22, 29, 50, 26, 16]"
305,11,0.6888670921325684,"[22, 32, 23, 22, 29, 44, 17, 17, 45, 26, 28]"
305,11,0.5261287689208984,"[29, 20, 33, 23, 29, 26, 28, 39, 24, 29, 25]"
305,11,0.5562567710876465,"[32, 33, 29, 37, 29, 23, 30, 25, 27, 26, 14]"
310,11,0.4958338737487793,"[24, 23, 36, 33, 26, 24, 22, 26, 33, 30, 33]"
310,11,0.5749480724334717,"[25, 27, 30, 34, 28, 26, 42, 29, 21, 22, 26]"
310,11,0.5522634983062744,"[29, 39, 26, 23, 32, 25, 37, 27, 31, 24, 17]"
310,11,0.5722548961639404,"[29, 25, 33, 24, 32, 30, 28, 22, 27, 26, 34]"
310,11,0.6423971652984619,"[26, 23, 29, 33, 37, 27, 25, 31, 31, 15, 33]"
315,11,0.6786975860595703,"[34, 29, 33, 26, 22, 41, 15, 24, 34, 20, 37]"
315,11,0.6670525074005127,"[35, 37, 38, 26, 35, 19, 26, 20, 24, 30, 25]"
315,11,0.5236868858337402,"[30, 24, 27, 27, 32, 25, 23, 24, 32, 35, 36]"
315,11,0.7233095169067383,"[38, 32, 31, 33, 35, 18, 36, 21, 16, 26, 29]"
315,11,0.5654568672180176,"[18, 30, 36, 25, 28, 24, 30, 34, 34, 27, 29]"
320,11,0.748429536819458,"[39, 24, 32, 32, 33, 33, 29, 25, 15, 27, 31]"
320,11,0.7863531112670898,"[28, 35, 43, 26, 27, 36, 18, 26, 24, 31, 26]"
320,11,0.638822078704834,"[33, 32, 31, 35, 28, 18, 30, 28, 22, 32, 31]"
320,11,0.6555240154266357,"[28, 39, 27, 30, 35, 26, 29, 30, 37, 15, 24]"
320,11,0.7044997215270996,"[25, 27, 33, 27, 35, 35, 25, 38, 12, 34, 29]"
325,11,0.7080612182617188,"[27, 39, 31, 31, 25, 17, 27, 31, 25, 34, 38]"
325,11,0.707287073135376,"[28, 26, 31, 25, 34, 11, 38, 35, 31, 43, 23]"
325,11,0.7017576694488525,"[40, 25, 34, 25, 28, 32, 38, 19, 32, 29, 23]"
325,11,0.8654780387878418,"[31, 33, 30, 32, 22, 47, 25, 32, 29, 20, 24]"
325,11,0.6908688545227051,"[34, 28, 31, 32, 27, 35, 19, 21, 47, 25, 26]"
330,11,0.8149123191833496,"[31, 36, 23, 34, 54, 23, 23, 32, 22, 24, 28]"
330,11,0.6192588806152344,"[23, 29, 30, 19, 26, 34, 42, 38, 33, 25, 31]"
330,11,0.8913350105285645,"[22, 40, 26, 23, 32, 40, 24, 32, 33, 16, 42]"
330,11,0.9032623767852783,"[22, 47, 41, 26, 13, 24, 25, 25, 25, 45, 37]"
330,11,0.5165765285491943,"[30, 30, 37, 28, 21, 37, 20, 37, 29, 32, 29]"
335,12,0.687913179397583,"[21, 24, 32, 32, 42, 22, 29, 26, 34, 27, 20, 26]"
335,12,0.6121299266815186,"[26, 31, 31, 36, 28, 19, 30, 27, 23, 25, 27, 32]"
335,12,0.5320568084716797,"[22, 26, 39, 27, 32, 30, 28, 31, 29, 30, 23, 18]"
335,12,0.5695388317108154,"[34, 27, 24, 19, 32, 34, 26, 27, 29, 18, 28, 37]"
335,12,0.6144602298736572,"[18, 30, 26, 36, 31, 29, 27, 27, 24, 31, 21, 35]"
340,12,0.6687302589416504,"[22, 26, 29, 24, 40, 18, 27, 37, 30, 35, 25, 27]"
340,12,0.6213271617889404,"[21, 25, 20, 27, 46, 23, 30, 40, 33, 32, 25, 18]"
340,12,0.6522235870361328,"[26, 16, 26, 33, 40, 23, 18, 26, 30, 35, 28, 39]"
340,12,0.6065514087677002,"[22, 25, 23, 23, 29, 37, 31, 42, 21, 32, 22, 33]"
340,12,0.6524496078491211,"[23, 32, 37, 28, 21, 35, 30, 21, 31, 21, 34, 27]"
345,12,0.6434681415557861,"[37, 36, 22, 25, 23, 30, 29, 28, 21, 34, 34, 26]"
345,12,0.6876821517944336,"[22, 33, 30, 26, 24, 39, 25, 30, 20, 31, 28, 37]"
345,12,0.709047794342041,"[22, 23, 32, 27, 43, 33, 30, 29, 28, 31, 21, 26]"
345,12,0.6787822246551514,"[25, 31, 30, 35, 29, 17, 33, 24, 34, 32, 33, 22]"
345,12,0.7264814376831055,"[31, 30, 26, 31, 20, 34, 27, 32, 32, 29, 23, 30]"
350,12,0.5873804092407227,"[29, 30, 27, 29, 33, 31, 24, 25, 38, 22, 35, 27]"
350,12,0.7305870056152344,"[30, 34, 25, 19, 31, 25, 27, 27, 39, 25, 37, 31]"
350,12,0.6088218688964844,"[36, 28, 39, 27, 22, 26, 44, 20, 34, 29, 28, 17]"
350,12,0.6895928382873535,"[30, 16, 36, 30, 31, 20, 32, 31, 29, 20, 33, 42]"
350,12,0.9188668727874756,"[42, 21, 20, 40, 37, 31, 27, 24, 36, 16, 25, 31]"
355,12,0.7449600696563721,"[36, 29, 24, 25, 23, 37, 29, 32, 37, 29, 28, 26]"
355,12,0.715367317199707,"[28, 39, 29, 27, 40, 32, 28, 19, 23, 26, 33, 31]"
355,12,0.7738416194915771,"[31, 27, 28, 27, 18, 33, 50, 24, 30, 28, 36, 23]"
355,12,0.7921442985534668,"[26, 30, 33, 30, 28, 36, 31, 31, 31, 27, 21, 31]"
355,12,0.7719142436981201,"[38, 26, 22, 35, 27, 20, 38, 27, 30, 25, 39, 28]"
360,12,0.9871551990509033,"[39, 40, 40, 30, 33, 20, 20, 21, 31, 22, 32, 32]"
360,12,0.8493297100067139,"[34, 24, 30, 21, 17, 29, 42, 34, 29, 36, 39, 25]"
360,12,0.9123744964599609,"[29, 40, 29, 27, 25, 31, 27, 38, 28, 23, 28, 35]"
360,12,0.7591323852539062,"[32, 30, 24, 34, 31, 24, 31, 29, 33, 26, 26, 40]"
360,12,0.8401834964752197,"[37, 20, 31, 32, 28, 32, 38, 35, 32, 36, 21, 18]"
365,13,0.709876298904419,"[29, 36, 37, 20, 26, 29, 20, 26, 22, 29, 20, 29, 42]"
365,13,0.6825158596038818,"[24, 38, 19, 35, 28, 35, 29, 20, 32, 30, 35, 20, 20]"
365,13,0.783327579498291,"[27, 38, 24, 31, 30, 20, 29, 34, 20, 15, 39, 21, 37]"
365,13,0.7794358730316162,"[24, 34, 42, 26, 39, 31, 25, 19, 25, 33, 32, 13, 22]"
365,13,0.845428466796875,"[29, 25, 29, 22, 17, 19, 36, 38, 30, 36, 25, 31, 28]"
370,13,0.6408367156982422,"[22, 30, 41, 31, 25, 35, 23, 25, 21, 23, 30, 33, 31]"
370,13,0.7882068157196045,"[29, 23, 28, 31, 22, 38, 30, 30, 29, 34, 25, 23, 28]"
370,13,0.722942590713501,"[24, 39, 30, 25, 28, 30, 26, 26, 22, 28, 32, 26, 34]"
370,13,0.7777750492095947,"[23, 36, 38, 28, 12, 28, 35, 27, 31, 27, 24, 31, 30]"
370,13,0.6603207588195801,"[30, 24, 28, 37, 30, 37, 31, 19, 19, 31, 28, 28, 28]"
375,13,0.7904443740844727,"[28, 28, 42, 34, 32, 31, 20, 26, 22, 22, 25, 34, 31]"
375,13,0.6716222763061523,"[21, 30, 29, 40, 26, 25, 37, 26, 33, 27, 23, 36, 22]"
375,13,0.8345720767974854,"[22, 29, 30, 37, 22, 28, 28, 39, 27, 22, 26, 32, 33]"
375,13,0.6805517673492432,"[28, 45, 23, 21, 27, 23, 30, 25, 36, 22, 28, 27, 40]"
375,13,0.8747832775115967,"[28, 36, 29, 27, 26, 23, 22, 32, 48, 27, 31, 27, 19]"
380,13,0.7447235584259033,"[35, 22, 32, 20, 32, 24, 33, 28, 24, 30, 26, 34, 40]"
380,13,0.6679582595825195,"[28, 27, 27, 29, 38, 31, 35, 20, 29, 35, 25, 25, 31]"
380,13,0.6746289730072021,"[32, 40, 32, 28, 25, 33, 20, 33, 28, 24, 26, 26, 33]"
380,13,0.7764503955841064,"[29, 29, 25, 24, 31, 36, 32, 29, 31, 40, 21, 21, 32]"
380,13,0.675405740737915,"[41, 28, 32, 28, 21, 25, 32, 25, 31, 27, 30, 24, 36]"
385,13,0.796804666519165,"[24, 27, 32, 22, 24, 32, 31, 35, 40, 28, 34, 26, 30]"
385,13,0.7705707550048828,"[37, 26, 28, 30, 33, 24, 19, 30, 23, 37, 31, 40, 27]"
385,13,0.9855520725250244,"[27, 29, 26, 21, 31, 25, 30, 34, 39, 34, 28, 29, 32]"
385,13,0.848883867263794,"[31, 28, 27, 33, 20, 21, 29, 33, 24, 37, 34, 37, 31]"
385,13,1.1799516677856445,"[43, 24, 26, 38, 38, 22, 39, 31, 22, 26, 30, 28, 18]"
390,13,0.7779715061187744,"[32, 33, 32, 22, 39, 22, 39, 26, 21, 27, 38, 30, 29]"
390,13,0.802656888961792,"[24, 29, 27, 37, 21, 31, 41, 33, 31, 28, 32, 32, 24]"
390,13,0.9096517562866211,"[27, 16, 40, 36, 25, 28, 28, 29, 23, 26, 48, 35, 29]"
390,13,0.7611467838287354,"[26, 27, 30, 33, 25, 51, 26, 30, 29, 21, 34, 37, 21]"
390,13,0.8540842533111572,"[38, 30, 23, 22, 33, 27, 25, 36, 20, 26, 29, 35, 46]"
395,14,0.864274263381958,"[28, 24, 46, 32, 25, 17, 30, 35, 31, 20, 26, 37, 19, 25]"
395,14,0.6459348201751709,"[27, 30, 34, 20, 19, 30, 24, 38, 21, 35, 24, 30, 28, 35]"
395,14,0.8129110336303711,"[25, 22, 30, 38, 18, 40, 17, 30, 34, 27, 34, 32, 24, 24]"
395,14,0.7328829765319824,"[19, 40, 35, 22, 30, 31, 27, 29, 31, 27, 34, 18, 29, 23]"
395,14,0.6693847179412842,"[30, 34, 25, 28, 33, 25, 30, 22, 25, 32, 21, 27, 34, 29]"
400,14,0.8003478050231934,"[31, 29, 24, 34, 24, 24, 28, 24, 19, 42, 32, 27, 32, 30]"
400,14,0.7109925746917725,"[35, 19, 36, 33, 23, 20, 35, 22, 32, 31, 30, 27, 27, 30]"
400,14,0.7020912170410156,"[27, 14, 21, 28, 34, 33, 22, 31, 24, 34, 25, 38, 43, 26]"
400,14,0.7750730514526367,"[17, 26, 36, 31, 19, 27, 34, 30, 25, 26, 31, 33, 34, 31]"
400,14,0.858281135559082,"[36, 32, 31, 19, 28, 33, 26, 22, 39, 25, 29, 21, 30, 29]"
405,14,1.037193775177002,"[24, 39, 31, 27, 40, 27, 22, 41, 27, 26, 34, 21, 19, 27]"
405,14,0.6629743576049805,"[31, 33, 30, 34, 28, 31, 32, 25, 31, 30, 28, 19, 30, 23]"
405,14,0.8676407337188721,"[18, 28, 29, 27, 36, 29, 26, 24, 35, 22, 35, 22, 34, 40]"
405,14,0.9025816917419434,"[19, 39, 26, 26, 29, 22, 24, 31, 36, 36, 27, 23, 49, 18]"
405,14,0.9027271270751953,"[27, 13, 38, 44, 32, 26, 43, 33, 35, 28, 31, 11, 24, 20]"
410,14,0.7616052627563477,"[27, 42, 31, 30, 26, 31, 23, 32, 30, 21, 21, 29, 32, 35]"
410,14,0.8734042644500732,"[31, 40, 19, 24, 35, 35, 20, 23, 29, 27, 34, 27, 39, 27]"
410,14,0.8607120513916016,"[22, 32, 34, 31, 30, 21, 32, 33, 47, 25, 18, 22, 29, 34]"
410,14,0.855236291885376,"[39, 29, 30, 30, 21, 25, 22, 26, 26, 39, 27, 40, 33, 23]"
410,14,0.8189558982849121,"[31, 37, 34, 20, 25, 28, 23, 26, 36, 27, 26, 19, 42, 36]"
415,14,1.0042505264282227,"[33, 26, 37, 25, 32, 29, 24, 47, 21, 39, 22, 32, 22, 26]"
415,14,0.8355634212493896,"[27, 19, 29, 36, 25, 36, 30, 25, 34, 34, 34, 27, 30, 29]"
415,14,0.7508730888366699,"[31, 26, 33, 27, 28, 19, 38, 34, 28, 28, 35, 22, 34, 32]"
415,14,0.7654657363891602,"[30, 23, 39, 35, 46, 18, 20, 26, 32, 24, 41, 28, 27, 26]"
415,14,0.8639171123504639,"[29, 27, 31, 21, 33, 23, 39, 37, 38, 31, 29, 20, 23, 34]"
420,14,0.8788001537322998,"[31, 27, 36, 24, 24, 24, 42, 29, 23, 34, 33, 29, 26, 38]"
420,14,1.1115238666534424,"[21, 35, 33, 18, 39, 31, 45, 22, 37, 15, 29, 44, 25, 26]"
420,14,0.8064708709716797,"[28, 39, 32, 34, 26, 22, 45, 30, 29, 33, 26, 21, 31, 24]"
420,14,0.8918704986572266,"[21, 18, 31, 32, 14, 30, 34, 34, 23, 25, 46, 38, 35, 39]"
420,14,0.9040312767028809,"[36, 21, 47, 30, 43, 30, 29, 29, 27, 33, 24, 26, 18, 27]"
425,15,0.689194917678833,"[23, 32, 28, 26, 27, 35, 25, 22, 26, 35, 34, 31, 22, 31, 28]"
425,15,0.8990232944488525,"[39, 23, 31, 25, 27, 41, 12, 22, 33, 21, 21, 37, 30, 41, 22]"
425,15,0.7461819648742676,"[27, 31, 29, 23, 29, 34, 34, 26, 32, 24, 26, 27, 28, 21, 34]"
425,15,0.7284619808197021,"[33, 25, 23, 33, 27, 19, 31, 33, 36, 20, 28, 35, 28, 27, 27]"
425,15,0.8364267349243164,"[27, 20, 29, 36, 25, 31, 34, 27, 20, 28, 38, 29, 28, 27, 26]"
430,15,0.8872597217559814,"[27, 25, 24, 32, 28, 19, 37, 16, 40, 31, 17, 38, 26, 38, 32]"
430,15,0.8052036762237549,"[28, 29, 26, 31, 31, 35, 28, 25, 24, 30, 32, 32, 25, 26, 28]"
430,15,0.7209854125976562,"[36, 26, 20, 29, 27, 21, 37, 26, 32, 25, 30, 34, 30, 26, 31]"
430,15,0.805422306060791,"[31, 25, 24, 33, 22, 32, 43, 26, 19, 35, 27, 37, 29, 28, 19]"
430,15,0.908423662185669,"[37, 34, 21, 38, 23, 27, 21, 34, 23, 25, 37, 22, 29, 29, 30]"
435,15,0.9006993770599365,"[33, 27, 26, 23, 30, 23, 41, 27, 26, 31, 31, 20, 35, 28, 34]"
435,15,0.7091600894927979,"[30, 35, 32, 33, 29, 28, 33, 29, 32, 30, 32, 21, 16, 33, 22]"
435,15,0.853158712387085,"[23, 30, 33, 24, 33, 32, 22, 41, 20, 25, 24, 29, 35, 23, 41]"
435,15,0.910043478012085,"[28, 24, 33, 36, 24, 17, 33, 22, 25, 27, 26, 24, 35, 44, 37]"
435,15,0.9467558860778809,"[19, 25, 26, 33, 34, 23, 39, 32, 23, 24, 42, 33, 24, 28, 30]"
440,15,0.9304533004760742,"[35, 27, 31, 29, 33, 33, 28, 33, 25, 32, 16, 33, 24, 20, 41]"
440,15,1.0856211185455322,"[37, 31, 20, 19, 30, 28, 35, 34, 18, 38, 31, 32, 33, 33, 21]"
440,15,0.8633072376251221,"[26, 40, 25, 25, 32, 30, 28, 30, 34, 29, 23, 36, 26, 23, 33]"
440,15,0.8639926910400391,"[19, 30, 38, 32, 31, 32, 39, 32, 25, 32, 18, 19, 32, 32, 29]"
440,15,1.0628137588500977,"[25, 35, 30, 30, 20, 19, 23, 20, 32, 25, 43, 38, 29, 37, 34]"
445,15,0.9959578514099121,"[29, 32, 23, 35, 28, 27, 32, 31, 37, 30, 27, 20, 26, 28, 40]"
445,15,1.0611913204193115,"[28, 34, 34, 23, 23, 28, 35, 28, 22, 30, 34, 28, 30, 34, 34]"
445,15,1.0209720134735107,"[37, 30, 29, 26, 23, 29, 26, 30, 27, 32, 32, 35, 24, 36, 29]"
445,15,0.8099274635314941,"[30, 31, 22, 35, 26, 36, 22, 25, 45, 31, 29, 24, 31, 30, 28]"
445,15,1.0246987342834473,"[39, 37, 28, 23, 28, 27, 37, 32, 29, 25, 17, 27, 21, 47, 28]"
450,15,0.8552391529083252,"[38, 48, 24, 33, 22, 33, 22, 28, 33, 37, 24, 32, 27, 27, 22]"
450,15,0.9612910747528076,"[37, 28, 28, 25, 28, 22, 28, 38, 38, 47, 36, 24, 28, 17, 26]"
450,15,1.0241057872772217,"[32, 25, 46, 37, 39, 26, 20, 35, 16, 28, 34, 21, 28, 31, 32]"
450,15,1.1525187492370605,"[21, 36, 30, 34, 35, 24, 30, 27, 22, 38, 26, 31, 31, 25, 40]"
450,15,1.238213300704956,"[21, 30, 44, 24, 45, 17, 27, 42, 26, 22, 16, 34, 30, 42, 30]"
455,16,0.8044118881225586,"[23, 36, 28, 32, 33, 23, 30, 28, 32, 37, 25, 28, 21, 33, 22, 24]"
455,16,1.0029478073120117,"[39, 22, 16, 33, 34, 25, 29, 37, 26, 33, 21, 33, 33, 27, 24, 23]"
455,16,0.944833517074585,"[32, 26, 36, 22, 25, 44, 21, 30, 30, 33, 27, 32, 23, 28, 22, 24]"
455,16,0.9322478771209717,"[20, 28, 33, 23, 32, 27, 36, 15, 24, 30, 32, 29, 31, 31, 29, 35]"
455,16,0.9322524070739746,"[39, 34, 21, 23, 32, 28, 20, 21, 37, 29, 30, 43, 19, 17, 31, 31]"
460,16,0.928703784942627,"[24, 33, 22, 22, 19, 30, 22, 39, 32, 39, 30, 26, 27, 37, 33, 25]"
460,16,0.8504531383514404,"[26, 29, 24, 35, 22, 21, 49, 29, 28, 30, 24, 22, 32, 26, 38, 25]"
460,16,1.0156729221343994,"[39, 24, 40, 34, 26, 24, 19, 26, 26, 41, 16, 32, 32, 30, 23, 28]"
460,16,1.1218247413635254,"[27, 34, 27, 28, 18, 20, 27, 25, 32, 44, 41, 31, 24, 21, 21, 40]"
460,16,0.8792200088500977,"[27, 28, 24, 31, 16, 35, 25, 28, 32, 23, 29, 34, 33, 24, 35, 36]"
465,16,0.9245908260345459,"[41, 22, 21, 38, 21, 30, 34, 24, 27, 22, 29, 26, 39, 37, 28, 26]"
465,16,0.8651313781738281,"[21, 28, 30, 26, 32, 30, 31, 28, 31, 33, 25, 41, 29, 25, 27, 28]"
465,16,0.8677165508270264,"[30, 31, 23, 26, 32, 19, 25, 34, 26, 38, 32, 33, 28, 27, 31, 30]"
465,16,0.9090054035186768,"[32, 30, 31, 36, 44, 30, 28, 18, 32, 19, 33, 30, 20, 34, 20, 28]"
465,16,1.1167585849761963,"[24, 28, 33, 23, 38, 36, 32, 33, 22, 24, 27, 22, 32, 39, 28, 24]"
470,16,1.1372721195220947,"[34, 31, 33, 25, 26, 32, 49, 33, 35, 20, 34, 15, 26, 26, 31, 20]"
470,16,1.070099115371704,"[30, 27, 21, 20, 32, 22, 36, 32, 33, 37, 32, 21, 25, 34, 34, 34]"
470,16,1.1238536834716797,"[26, 20, 24, 36, 32, 22, 37, 29, 34, 22, 41, 31, 13, 28, 40, 35]"
470,16,0.8801827430725098,"[29, 42, 27, 29, 27, 27, 30, 25, 31, 28, 26, 46, 37, 21, 27, 18]"
470,16,1.1081733703613281,"[33, 27, 29, 38, 24, 32, 17, 24, 20, 33, 22, 45, 36, 38, 30, 22]"
475,16,1.4025983810424805,"[39, 28, 32, 29, 36, 35, 21, 29, 24, 20, 34, 39, 21, 22, 29, 37]"
475,16,1.0793733596801758,"[32, 36, 19, 29, 34, 30, 24, 33, 34, 23, 33, 25, 34, 31, 25, 33]"
475,16,1.0160009860992432,"[39, 28, 25, 24, 31, 32, 33, 25, 36, 24, 21, 31, 28, 26, 40, 32]"
475,16,0.918799638748169,"[31, 37, 33, 27, 33, 36, 37, 44, 22, 27, 30, 25, 21, 24, 15, 33]"
475,16,1.0119457244873047,"[24, 27, 38, 26, 29, 36, 33, 31, 31, 22, 31, 39, 21, 30, 30, 27]"
480,16,1.0172626972198486,"[39, 27, 24, 30, 20, 27, 31, 25, 28, 34, 29, 36, 28, 37, 37, 28]"
480,16,0.8946502208709717,"[42, 25, 24, 33, 21, 42, 29, 20, 18, 20, 39, 34, 28, 38, 33, 34]"
480,16,1.2685809135437012,"[29, 25, 22, 33, 42, 34, 20, 21, 21, 39, 45, 39, 36, 28, 18, 28]"
480,16,0.9983866214752197,"[32, 29, 42, 23, 36, 32, 23, 35, 22, 20, 18, 31, 39, 22, 41, 35]"
480,16,0.9359133243560791,"[34, 33, 38, 33, 27, 29, 38, 24, 40, 27, 23, 18, 29, 32, 26, 29]"
485,17,1.0843546390533447,"[31, 32, 24, 35, 28, 32, 26, 18, 24, 28, 24, 29, 30, 30, 24, 42, 28]"
485,17,0.9807963371276855,"[27, 31, 39, 35, 28, 28, 22, 16, 34, 23, 38, 22, 39, 28, 17, 28, 30]"
485,17,0.8546979427337646,"[25, 22, 32, 30, 32, 22, 37, 33, 29, 28, 22, 32, 33, 26, 30, 26, 26]"
485,17,1.1512720584869385,"[20, 25, 22, 18, 39, 21, 22, 39, 25, 33, 32, 30, 46, 26, 39, 22, 26]"
485,17,1.0493736267089844,"[23, 24, 30, 29, 19, 16, 43, 33, 17, 22, 36, 36, 43, 29, 39, 19, 27]"
490,17,0.9491462707519531,"[25, 28, 29, 21, 32, 33, 29, 27, 28, 33, 34, 21, 34, 34, 23, 26, 33]"
490,17,1.0036849975585938,"[32, 27, 31, 15, 29, 28, 35, 38, 25, 43, 33, 38, 21, 26, 23, 25, 21]"
490,17,0.8612494468688965,"[19, 27, 28, 31, 33, 26, 24, 17, 25, 38, 41, 29, 27, 43, 32, 28, 22]"
490,17,0.8227388858795166,"[37, 16, 31, 18, 21, 34, 32, 42, 31, 30, 20, 21, 36, 22, 29, 31, 39]"
490,17,1.2399029731750488,"[35, 32, 36, 29, 33, 33, 28, 31, 31, 20, 38, 26, 34, 26, 24, 14, 20]"
495,17,1.0005958080291748,"[49, 25, 30, 30, 39, 25, 16, 33, 34, 24, 22, 35, 32, 28, 33, 23, 17]"
495,17,1.3474764823913574,"[19, 29, 14, 37, 23, 23, 27, 36, 20, 31, 56, 37, 23, 30, 29, 20, 41]"
495,17,1.2738053798675537,"[17, 24, 30, 23, 35, 31, 21, 34, 28, 39, 46, 19, 19, 48, 29, 27, 25]"
495,17,0.9402623176574707,"[25, 26, 34, 42, 27, 23, 31, 24, 39, 27, 21, 24, 39, 30, 18, 33, 32]"
495,17,0.9701628684997559,"[27, 31, 22, 26, 26, 43, 33, 24, 29, 27, 27, 30, 33, 24, 35, 30, 28]"
500,17,1.1095480918884277,"[42, 30, 28, 26, 43, 16, 25, 26, 21, 28, 39, 19, 25, 31, 34, 34, 33]"
500,17,1.0148277282714844,"[27, 31, 39, 27, 33, 20, 25, 32, 26, 34, 30, 38, 26, 25, 39, 29, 19]"
500,17,1.1367666721343994,"[39, 22, 32, 32, 35, 36, 24, 32, 21, 18, 31, 34, 34, 32, 30, 29, 19]"
500,17,1.0674192905426025,"[32, 32, 28, 21, 26, 43, 33, 36, 38, 23, 24, 24, 30, 23, 22, 25, 40]"
500,17,0.8542609214782715,"[35, 31, 30, 28, 26, 30, 30, 39, 34, 34, 22, 19, 26, 26, 31, 28, 31]"
505,17,1.1642138957977295,"[28, 21, 26, 27, 31, 22, 26, 50, 31, 26, 27, 19, 35, 52, 21, 45, 18]"
505,17,1.2880995273590088,"[28, 30, 30, 32, 47, 31, 45, 25, 23, 18, 24, 24, 23, 30, 32, 30, 33]"
505,17,1.0569043159484863,"[30, 19, 29, 36, 39, 34, 40, 41, 32, 23, 22, 33, 25, 21, 29, 25, 27]"
505,17,1.1149311065673828,"[31, 25, 29, 29, 29, 37, 26, 33, 24, 28, 23, 33, 35, 25, 31, 35, 32]"
505,17,1.023094892501831,"[19, 29, 30, 28, 19, 25, 31, 32, 27, 32, 19, 46, 36, 31, 34, 34, 33]"
510,17,1.0544114112854004,"[27, 27, 38, 31, 32, 27, 32, 31, 27, 23, 36, 34, 26, 27, 25, 40, 27]"
510,17,1.2146687507629395,"[30, 32, 34, 36, 33, 24, 19, 29, 29, 32, 36, 23, 37, 27, 27, 25, 37]"
510,17,1.006554126739502,"[34, 27, 39, 36, 24, 30, 20, 23, 28, 34, 28, 30, 31, 29, 25, 35, 37]"
510,17,1.0767412185668945,"[32, 29, 20, 27, 35, 28, 34, 20, 41, 33, 24, 35, 24, 29, 38, 32, 29]"
510,17,1.1100800037384033,"[18, 21, 32, 23, 26, 30, 26, 29, 34, 37, 38, 33, 38, 17, 39, 31, 38]"
515,18,1.0815949440002441,"[35, 31, 25, 22, 25, 31, 18, 34, 27, 31, 21, 24, 34, 32, 38, 26, 35, 26]"
515,18,0.9651296138763428,"[23, 31, 35, 28, 33, 29, 38, 27, 25, 29, 28, 39, 17, 29, 27, 20, 29, 28]"
515,18,0.8981144428253174,"[32, 28, 38, 24, 36, 27, 25, 32, 21, 24, 26, 32, 29, 19, 29, 36, 26, 31]"
515,18,0.9163408279418945,"[28, 29, 24, 32, 25, 26, 41, 21, 22, 40, 26, 32, 28, 35, 27, 30, 20, 29]"
515,18,0.9966771602630615,"[35, 15, 35, 28, 30, 36, 45, 29, 25, 22, 29, 24, 27, 37, 17, 26, 24, 31]"
520,18,1.0442981719970703,"[35, 30, 31, 31, 20, 41, 25, 26, 22, 22, 46, 35, 21, 18, 25, 44, 24, 24]"
520,18,1.1306090354919434,"[38, 38, 25, 37, 30, 24, 22, 21, 27, 29, 34, 32, 35, 24, 24, 31, 27, 22]"
520,18,1.0561678409576416,"[37, 17, 25, 28, 38, 31, 27, 28, 26, 29, 32, 20, 21, 25, 43, 30, 37, 26]"
520,18,1.0105438232421875,"[27, 31, 35, 21, 36, 28, 26, 30, 29, 29, 25, 27, 32, 32, 26, 37, 23, 26]"
520,18,0.9949655532836914,"[42, 43, 25, 34, 36, 33, 20, 35, 27, 22, 21, 24, 22, 28, 30, 23, 31, 24]"
525,18,1.2820048332214355,"[19, 32, 32, 32, 27, 24, 28, 35, 37, 26, 34, 30, 23, 41, 27, 31, 29, 18]"
525,18,1.0191235542297363,"[32, 26, 40, 34, 35, 28, 40, 28, 28, 21, 19, 30, 29, 30, 37, 26, 15, 27]"
525,18,1.166443109512329,"[18, 18, 23, 36, 34, 33, 41, 27, 24, 49, 36, 20, 34, 33, 38, 22, 19, 20]"
525,18,0.9699580669403076,"[30, 29, 28, 21, 28, 32, 22, 27, 29, 40, 25, 25, 31, 31, 25, 37, 29, 36]"
525,18,1.0784392356872559,"[26, 18, 36, 34, 20, 28, 37, 27, 30, 36, 39, 30, 34, 13, 37, 19, 30, 31]"
530,18,1.3327341079711914,"[19, 24, 27, 33, 26, 30, 34, 37, 34, 31, 23, 30, 37, 19, 28, 21, 32, 45]"
530,18,1.0464770793914795,"[33, 32, 31, 30, 24, 22, 27, 29, 47, 22, 32, 31, 19, 22, 34, 29, 35, 31]"
530,18,1.1304502487182617,"[33, 17, 31, 33, 35, 30, 34, 34, 32, 18, 19, 29, 48, 24, 35, 27, 27, 24]"
530,18,1.2565007209777832,"[31, 18, 20, 28, 36, 42, 23, 27, 34, 35, 23, 22, 32, 29, 22, 27, 37, 44]"
530,18,1.0963754653930664,"[30, 32, 30, 33, 40, 41, 22, 24, 25, 26, 21, 26, 35, 21, 26, 27, 38, 33]"
535,18,0.9362568855285645,"[32, 39, 36, 35, 35, 29, 22, 29, 30, 29, 31, 25, 31, 29, 19, 16, 39, 29]"
535,18,1.2101771831512451,"[23, 34, 24, 32, 18, 30, 39, 29, 33, 52, 31, 22, 23, 28, 30, 26, 28, 33]"
535,18,1.26251220703125,"[26, 34, 32, 38, 24, 33, 22, 32, 29, 31, 23, 23, 37, 22, 32, 33, 35, 29]"
535,18,1.0555379390716553,"[37, 26, 35, 46, 32, 31, 26, 27, 35, 25, 24, 22, 41, 20, 17, 23, 47, 21]"
535,18,1.276461124420166,"[39, 27, 30, 25, 36, 45, 26, 32, 22, 31, 28, 24, 26, 37, 31, 32, 18, 26]"
540,18,1.260204553604126,"[34, 27, 19, 30, 31, 31, 27, 33, 34, 34, 22, 41, 35, 33, 27, 29, 23, 30]"
540,18,1.2540028095245361,"[27, 25, 26, 28, 29, 49, 23, 22, 47, 19, 29, 38, 25, 25, 37, 26, 28, 37]"
540,18,1.3890414237976074,"[44, 18, 24, 30, 29, 32, 36, 27, 27, 35, 26, 21, 20, 36, 34, 26, 40, 35]"
540,18,1.0205638408660889,"[33, 27, 21, 26, 28, 41, 29, 33, 36, 31, 29, 34, 23, 26, 27, 35, 23, 38]"
540,18,1.0663928985595703,"[31, 26, 25, 28, 33, 31, 23, 23, 18, 43, 34, 31, 22, 35, 38, 36, 31, 32]"
545,19,0.9551601409912109,"[25, 13, 27, 35, 32, 23, 33, 22, 23, 28, 37, 33, 39, 32, 24, 37, 27, 31, 24]"
545,19,1.098811388015747,"[27, 24, 35, 29, 29, 35, 29, 26, 22, 27, 36, 22, 34, 35, 18, 28, 38, 22, 29]"
545,19,1.1070499420166016,"[35, 24, 31, 22, 39, 32, 33, 22, 19, 35, 27, 15, 33, 16, 24, 41, 43, 25, 29]"
545,19,1.0488488674163818,"[30, 25, 30, 28, 42, 23, 32, 20, 26, 26, 37, 31, 27, 26, 34, 28, 31, 30, 19]"
545,19,1.0824155807495117,"[21, 35, 25, 28, 35, 19, 40, 39, 23, 32, 20, 24, 39, 27, 38, 28, 19, 31, 22]"
550,19,1.0801587104797363,"[23, 28, 22, 25, 20, 43, 41, 24, 32, 23, 20, 37, 38, 34, 28, 16, 35, 23, 38]"
550,19,1.1092851161956787,"[20, 29, 26, 32, 33, 22, 29, 34, 28, 37, 30, 23, 34, 26, 35, 26, 35, 29, 22]"
550,19,1.063159465789795,"[28, 26, 46, 30, 26, 32, 37, 31, 21, 30, 30, 28, 24, 22, 24, 31, 26, 27, 31]"
550,19,1.3097987174987793,"[32, 41, 17, 30, 25, 43, 29, 25, 25, 20, 25, 38, 16, 34, 38, 25, 25, 31, 31]"
550,19,1.3476130962371826,"[22, 29, 33, 31, 25, 28, 45, 25, 34, 22, 39, 19, 24, 13, 24, 36, 46, 27, 28]"
555,19,1.1383397579193115,"[25, 26, 31, 26, 31, 41, 30, 19, 29, 35, 33, 33, 15, 27, 35, 38, 30, 30, 21]"
555,19,0.9715447425842285,"[25, 31, 30, 33, 38, 32, 43, 23, 23, 22, 21, 24, 32, 41, 25, 26, 26, 25, 35]"
555,19,1.2864582538604736,"[46, 33, 18, 26, 28, 21, 18, 36, 27, 32, 40, 16, 33, 24, 23, 36, 40, 25, 33]"
555,19,1.1679952144622803,"[26, 35, 37, 29, 29, 35, 24, 24, 23, 21, 25, 33, 31, 28, 27, 43, 17, 34, 34]"
555,19,1.1047484874725342,"[35, 33, 22, 34, 22, 30, 34, 27, 22, 27, 29, 36, 21, 46, 17, 27, 28, 37, 28]"
560,19,1.2680041790008545,"[42, 15, 34, 40, 27, 14, 29, 26, 37, 29, 28, 22, 40, 22, 26, 34, 38, 30, 27]"
560,19,1.1653087139129639,"[19, 31, 28, 39, 37, 50, 24, 36, 29, 27, 34, 22, 28, 22, 30, 22, 26, 28, 28]"
560,19,1.56467604637146,"[20, 26, 34, 27, 27, 31, 52, 34, 30, 26, 27, 36, 34, 21, 44, 19, 24, 32, 16]"
560,19,1.0688705444335938,"[40, 31, 18, 27, 37, 28, 37, 23, 40, 22, 27, 37, 26, 29, 31, 22, 24, 25, 36]"
560,19,1.2036447525024414,"[22, 28, 42, 29, 30, 23, 38, 15, 29, 33, 32, 40, 30, 28, 31, 23, 35, 23, 29]"
565,19,1.2267894744873047,"[43, 31, 25, 27, 40, 23, 32, 22, 28, 27, 21, 29, 32, 37, 32, 33, 25, 29, 29]"
565,19,1.1068553924560547,"[27, 24, 27, 25, 22, 45, 36, 36, 30, 24, 29, 35, 31, 34, 32, 32, 27, 27, 22]"
565,19,1.5472345352172852,"[28, 30, 29, 40, 25, 27, 38, 21, 21, 34, 44, 32, 30, 34, 27, 14, 44, 21, 26]"
565,19,1.1560249328613281,"[28, 28, 24, 32, 36, 22, 21, 23, 34, 28, 25, 32, 25, 29, 32, 35, 41, 35, 35]"
565,19,1.2939224243164062,"[33, 33, 22, 35, 36, 32, 24, 32, 27, 46, 25, 27, 44, 24, 24, 27, 32, 20, 22]"
570,19,1.4235336780548096,"[28, 29, 38, 23, 25, 33, 33, 23, 40, 26, 23, 20, 39, 29, 47, 28, 23, 41, 22]"
570,19,1.3283147811889648,"[25, 26, 26, 11, 36, 34, 33, 30, 41, 25, 36, 37, 31, 40, 31, 26, 26, 25, 31]"
570,19,1.2965478897094727,"[33, 30, 41, 29, 36, 27, 32, 34, 23, 24, 24, 25, 36, 31, 22, 30, 23, 38, 32]"
570,19,1.41804838180542,"[37, 24, 37, 39, 33, 36, 38, 19, 22, 23, 26, 33, 25, 41, 31, 23, 24, 34, 25]"
570,19,1.1947424411773682,"[31, 37, 33, 28, 27, 31, 26, 43, 26, 29, 29, 37, 17, 31, 23, 27, 35, 35, 25]"
575,20,1.1808650493621826,"[34, 36, 29, 23, 41, 20, 27, 17, 20, 30, 25, 36, 24, 34, 31, 25, 38, 30, 30, 25]"
575,20,1.1120281219482422,"[25, 26, 15, 27, 43, 34, 22, 30, 29, 24, 28, 36, 30, 22, 31, 36, 33, 28, 28, 28]"
575,20,1.4410953521728516,"[36, 29, 19, 30, 29, 40, 28, 29, 18, 23, 18, 29, 23, 33, 33, 46, 20, 37, 22, 33]"
575,20,1.1526033878326416,"[15, 30, 29, 29, 40, 22, 23, 34, 36, 22, 22, 43, 25, 33, 25, 29, 37, 25, 20, 36]"
575,20,1.2012875080108643,"[27, 22, 33, 25, 23, 32, 33, 31, 30, 32, 37, 31, 26, 26, 41, 24, 26, 18, 31, 27]"
580,20,1.166067123413086,"[25, 24, 32, 20, 36, 25, 22, 27, 35, 24, 27, 28, 45, 23, 42, 34, 29, 36, 26, 20]"
580,20,1.1837561130523682,"[28, 30, 17, 31, 30, 35, 33, 28, 31, 18, 27, 32, 31, 32, 19, 36, 24, 30, 42, 26]"
580,20,1.0966739654541016,"[30, 25, 22, 33, 33, 27, 20, 30, 39, 40, 23, 24, 34, 30, 34, 25, 28, 28, 28, 27]"
580,20,1.1240367889404297,"[28, 34, 17, 24, 36, 35, 26, 27, 21, 26, 34, 38, 45, 37, 19, 23, 26, 28, 25, 31]"
580,20,1.3181188106536865,"[23, 33, 25, 18, 29, 23, 26, 36, 29, 35, 40, 26, 36, 21, 39, 27, 33, 42, 15, 24]"
585,20,1.4358534812927246,"[23, 51, 31, 29, 23, 21, 24, 32, 40, 22, 21, 32, 24, 24, 22, 31, 47, 33, 26, 29]"
585,20,1.1966681480407715,"[29, 35, 19, 28, 40, 21, 28, 25, 24, 26, 35, 34, 19, 48, 21, 30, 30, 28, 34, 31]"
585,20,1.4103929996490479,"[19, 25, 23, 25, 33, 33, 44, 24, 30, 28, 31, 28, 24, 24, 45, 20, 31, 29, 27, 42]"
585,20,1.2347023487091064,"[27, 18, 32, 27, 29, 33, 22, 35, 43, 27, 34, 32, 28, 32, 22, 27, 37, 29, 29, 22]"
585,20,1.1319465637207031,"[17, 35, 37, 39, 31, 20, 27, 27, 28, 28, 36, 20, 34, 20, 24, 41, 38, 26, 26, 31]"
590,20,1.2753655910491943,"[33, 29, 33, 30, 33, 31, 30, 29, 30, 29, 20, 33, 25, 34, 27, 36, 31, 24, 23, 30]"
590,20,1.3260741233825684,"[30, 19, 34, 19, 46, 30, 30, 25, 25, 25, 46, 30, 18, 41, 40, 31, 26, 21, 18, 36]"
590,20,1.2262566089630127,"[21, 34, 34, 26, 26, 27, 40, 33, 28, 23, 32, 27, 40, 42, 18, 19, 19, 37, 35, 29]"
590,20,1.22841477394104,"[35, 25, 29, 38, 31, 24, 36, 31, 17, 32, 23, 35, 31, 44, 36, 18, 36, 21, 20, 28]"
590,20,1.1956615447998047,"[37, 31, 38, 26, 33, 38, 33, 30, 34, 22, 26, 21, 25, 30, 29, 29, 36, 27, 19, 26]"
595,20,1.2847259044647217,"[33, 37, 28, 23, 26, 31, 31, 28, 29, 28, 27, 35, 39, 30, 24, 38, 27, 21, 28, 32]"
595,20,1.2393741607666016,"[30, 24, 43, 21, 28, 29, 31, 27, 38, 23, 39, 34, 33, 37, 22, 33, 26, 28, 26, 23]"
595,20,1.1635551452636719,"[36, 31, 35, 21, 39, 26, 28, 34, 28, 25, 36, 29, 35, 29, 24, 29, 28, 19, 31, 32]"
595,20,1.4579102993011475,"[31, 21, 44, 26, 20, 40, 30, 31, 38, 26, 27, 24, 32, 23, 29, 28, 28, 42, 30, 25]"
595,20,1.0996813774108887,"[32, 24, 27, 27, 22, 34, 36, 32, 28, 29, 30, 25, 39, 29, 20, 38, 19, 38, 37, 29]"
600,20,1.319962739944458,"[38, 26, 18, 32, 38, 24, 24, 32, 28, 38, 37, 45, 25, 30, 30, 28, 31, 20, 30, 26]"
600,20,1.5151357650756836,"[50, 33, 29, 29, 27, 38, 31, 28, 27, 21, 36, 25, 20, 32, 30, 34, 25, 30, 18, 37]"
600,20,1.36749267578125,"[15, 31, 22, 40, 47, 37, 23, 34, 27, 23, 32, 19, 24, 25, 26, 33, 15, 32, 38, 57]"
600,20,1.677154541015625,"[21, 27, 41, 22, 32, 21, 27, 34, 32, 27, 22, 28, 34, 25, 35, 21, 24, 46, 26, 55]"
600,20,1.4550566673278809,"[21, 27, 29, 43, 35, 26, 28, 43, 27, 34, 24, 21, 25, 27, 40, 25, 28, 33, 32, 32]"
605,21,1.254239797592163,"[26, 22, 27, 37, 28, 26, 33, 28, 42, 29, 26, 28, 23, 24, 22, 21, 38, 31, 25, 28, 41]"
605,21,1.4330453872680664,"[29, 28, 20, 14, 31, 37, 35, 25, 40, 30, 32, 21, 24, 22, 34, 44, 33, 28, 26, 30, 22]"
605,21,1.5916147232055664,"[24, 34, 25, 28, 38, 26, 33, 17, 27, 27, 35, 27, 25, 28, 14, 23, 34, 49, 29, 32, 30]"
605,21,1.2796764373779297,"[24, 18, 34, 21, 31, 31, 28, 25, 23, 21, 16, 30, 32, 30, 44, 33, 29, 33, 36, 30, 36]"
605,21,1.5688674449920654,"[30, 28, 25, 22, 36, 25, 35, 30, 30, 25, 27, 39, 23, 42, 22, 33, 21, 30, 30, 32, 20]"
610,21,1.0977275371551514,"[45, 17, 34, 19, 27, 34, 32, 28, 32, 24, 19, 32, 26, 30, 27, 23, 31, 37, 22, 36, 35]"
610,21,1.070768117904663,"[33, 34, 28, 36, 32, 25, 22, 29, 25, 20, 28, 25, 36, 33, 32, 31, 28, 38, 21, 32, 22]"
610,21,1.2120182514190674,"[26, 18, 33, 28, 28, 27, 27, 22, 30, 18, 37, 23, 33, 32, 33, 37, 31, 25, 34, 40, 28]"
610,21,1.2622003555297852,"[30, 33, 25, 39, 25, 32, 39, 17, 29, 30, 31, 25, 36, 31, 24, 33, 28, 26, 26, 25, 26]"
610,21,1.7374818325042725,"[17, 36, 35, 24, 41, 26, 37, 24, 39, 33, 18, 21, 24, 18, 51, 25, 27, 21, 37, 34, 22]"
615,21,1.352076768875122,"[29, 31, 42, 29, 24, 36, 14, 39, 33, 33, 21, 28, 27, 36, 26, 30, 27, 32, 23, 31, 24]"
615,21,1.2560369968414307,"[24, 29, 25, 37, 30, 37, 22, 34, 28, 22, 33, 33, 34, 24, 46, 29, 32, 26, 21, 25, 24]"
615,21,1.2617719173431396,"[37, 33, 30, 25, 28, 35, 26, 24, 36, 24, 37, 31, 29, 23, 25, 31, 16, 39, 29, 27, 30]"
615,21,1.4905436038970947,"[20, 12, 40, 40, 30, 19, 29, 29, 22, 34, 22, 31, 37, 43, 37, 24, 40, 19, 38, 26, 23]"
615,21,1.2615516185760498,"[21, 26, 26, 37, 38, 30, 33, 21, 31, 18, 37, 27, 18, 31, 50, 32, 26, 27, 29, 30, 27]"
620,21,1.3809967041015625,"[27, 16, 39, 20, 36, 28, 28, 32, 30, 39, 22, 34, 29, 20, 45, 32, 23, 26, 37, 27, 30]"
620,21,1.2083830833435059,"[28, 29, 27, 32, 31, 26, 18, 41, 23, 26, 32, 37, 31, 28, 34, 24, 38, 21, 31, 35, 28]"
620,21,1.3542437553405762,"[23, 28, 36, 42, 26, 29, 27, 29, 24, 25, 32, 26, 22, 31, 31, 43, 35, 25, 25, 43, 18]"
620,21,1.2394001483917236,"[33, 29, 30, 32, 33, 21, 36, 32, 19, 41, 37, 27, 17, 33, 24, 33, 43, 27, 25, 26, 22]"
620,21,1.3419618606567383,"[30, 20, 34, 32, 30, 28, 22, 20, 34, 31, 37, 25, 27, 33, 29, 33, 33, 23, 38, 25, 36]"
625,21,1.238457441329956,"[29, 34, 34, 34, 38, 30, 29, 22, 24, 33, 22, 27, 36, 31, 22, 33, 34, 32, 34, 23, 24]"
625,21,1.3770620822906494,"[28, 38, 41, 33, 25, 17, 40, 33, 20, 36, 26, 23, 20, 38, 28, 42, 26, 26, 40, 19, 26]"
625,21,1.334465742111206,"[28, 23, 28, 30, 32, 39, 25, 38, 40, 43, 37, 35, 25, 24, 27, 28, 21, 27, 26, 27, 22]"
625,21,1.2507271766662598,"[26, 34, 28, 27, 22, 20, 36, 32, 32, 31, 33, 28, 26, 31, 28, 29, 37, 34, 30, 28, 33]"
625,21,1.3214168548583984,"[20, 27, 35, 29, 27, 26, 30, 31, 30, 31, 29, 39, 30, 35, 27, 39, 25, 29, 28, 30, 28]"
630,21,1.3367071151733398,"[26, 37, 18, 37, 27, 31, 29, 31, 32, 31, 30, 31, 32, 21, 32, 33, 26, 28, 21, 40, 37]"
630,21,1.340442419052124,"[30, 28, 32, 19, 37, 38, 39, 37, 28, 24, 27, 38, 26, 22, 32, 31, 22, 20, 39, 39, 22]"
630,21,1.3574752807617188,"[28, 24, 22, 30, 40, 27, 33, 33, 28, 29, 29, 40, 27, 34, 20, 26, 29, 37, 29, 28, 37]"
630,21,1.4280586242675781,"[32, 23, 39, 30, 23, 27, 34, 27, 37, 36, 21, 33, 21, 35, 26, 30, 31, 32, 29, 43, 21]"
630,21,1.443871259689331,"[29, 21, 38, 19, 39, 42, 27, 27, 32, 48, 30, 31, 33, 25, 29, 34, 37, 17, 26, 26, 20]"
635,22,1.1224088668823242,"[27, 29, 21, 37, 29, 40, 31, 22, 25, 23, 30, 39, 24, 25, 33, 32, 34, 24, 32, 20, 32, 26]"
635,22,1.366865634918213,"[28, 29, 35, 23, 32, 41, 29, 35, 31, 15, 29, 30, 31, 29, 15, 23, 45, 27, 37, 30, 20, 21]"
635,22,1.1819803714752197,"[34, 32, 31, 32, 30, 22, 32, 28, 26, 32, 41, 10, 21, 27, 23, 28, 36, 37, 34, 23, 35, 21]"
635,22,1.4892690181732178,"[35, 39, 25, 33, 30, 30, 34, 26, 22, 34, 24, 30, 28, 27, 29, 22, 27, 34, 33, 25, 29, 19]"
635,22,1.629715919494629,"[35, 26, 17, 31, 13, 23, 39, 31, 32, 18, 20, 30, 32, 34, 50, 34, 19, 21, 36, 44, 25, 25]"
640,22,1.1737353801727295,"[23, 40, 34, 22, 22, 37, 24, 25, 25, 19, 23, 40, 28, 29, 28, 26, 45, 22, 35, 32, 32, 29]"
640,22,1.2551627159118652,"[38, 19, 26, 38, 29, 32, 33, 27, 28, 23, 32, 28, 25, 29, 31, 27, 32, 24, 25, 30, 32, 32]"
640,22,1.3756144046783447,"[32, 32, 35, 27, 36, 28, 21, 23, 22, 22, 30, 36, 31, 41, 20, 27, 29, 37, 44, 29, 16, 22]"
640,22,1.4130961894989014,"[35, 27, 30, 29, 25, 32, 30, 33, 28, 28, 17, 26, 28, 32, 29, 17, 32, 27, 31, 39, 30, 35]"
640,22,1.2539947032928467,"[32, 37, 39, 23, 38, 21, 36, 25, 39, 28, 15, 25, 24, 22, 28, 24, 33, 28, 26, 35, 38, 24]"
645,22,1.5245225429534912,"[32, 28, 28, 38, 30, 36, 30, 30, 30, 34, 23, 24, 26, 36, 23, 16, 32, 39, 29, 26, 33, 22]"
645,22,1.644301176071167,"[32, 37, 49, 28, 17, 16, 27, 35, 35, 33, 20, 32, 23, 37, 26, 21, 23, 44, 31, 22, 28, 29]"
645,22,1.6240959167480469,"[24, 40, 30, 25, 39, 34, 56, 29, 25, 17, 28, 32, 27, 32, 22, 33, 22, 30, 30, 21, 24, 25]"
645,22,1.3888461589813232,"[29, 21, 17, 21, 23, 27, 22, 21, 41, 24, 47, 25, 26, 37, 33, 29, 39, 26, 30, 48, 23, 36]"
645,22,1.236257791519165,"[25, 25, 28, 33, 28, 34, 32, 31, 25, 31, 28, 23, 34, 36, 31, 29, 34, 29, 29, 31, 22, 27]"
650,22,1.349595308303833,"[23, 14, 35, 28, 36, 27, 39, 28, 31, 26, 32, 32, 23, 29, 32, 40, 47, 17, 29, 28, 30, 24]"
650,22,1.8920915126800537,"[22, 49, 40, 30, 30, 23, 31, 31, 24, 20, 28, 40, 14, 34, 45, 25, 29, 44, 27, 21, 22, 21]"
650,22,1.5663995742797852,"[27, 36, 29, 41, 28, 40, 20, 17, 28, 25, 41, 38, 42, 26, 24, 28, 27, 36, 20, 20, 23, 34]"
650,22,1.0948584079742432,"[33, 23, 29, 33, 23, 34, 37, 32, 32, 32, 27, 27, 34, 38, 36, 26, 28, 32, 20, 26, 21, 27]"
650,22,1.3561255931854248,"[23, 33, 24, 42, 29, 37, 34, 24, 30, 26, 34, 27, 27, 24, 34, 36, 26, 29, 27, 21, 34, 29]"
655,22,1.600099802017212,"[30, 25, 25, 20, 17, 38, 27, 15, 37, 35, 27, 33, 26, 40, 37, 21, 26, 36, 37, 38, 20, 45]"
655,22,1.5994207859039307,"[25, 21, 23, 32, 22, 22, 20, 28, 34, 35, 34, 35, 26, 46, 32, 40, 39, 20, 31, 25, 36, 29]"
655,22,1.5382513999938965,"[28, 32, 20, 28, 29, 27, 24, 30, 31, 25, 33, 31, 30, 31, 33, 36, 31, 31, 28, 44, 23, 30]"
655,22,1.2409014701843262,"[24, 26, 27, 29, 29, 28, 21, 25, 35, 27, 24, 48, 30, 28, 39, 32, 30, 33, 36, 29, 26, 29]"
655,22,1.4817397594451904,"[22, 38, 39, 23, 22, 28, 27, 32, 30, 21, 27, 38, 28, 27, 35, 38, 25, 31, 25, 31, 32, 36]"
660,22,1.899479627609253,"[39, 21, 24, 29, 30, 33, 31, 23, 48, 24, 21, 47, 24, 41, 24, 19, 33, 28, 25, 40, 25, 31]"
660,22,1.488896131515503,"[30, 24, 18, 37, 31, 16, 32, 31, 23, 54, 20, 30, 21, 30, 32, 32, 28, 40, 36, 31, 27, 37]"
660,22,1.4795210361480713,"[36, 23, 43, 26, 27, 33, 21, 26, 27, 35, 28, 40, 38, 31, 24, 33, 32, 23, 23, 36, 28, 27]"
660,22,1.4959526062011719,"[25, 32, 28, 28, 31, 30, 32, 30, 38, 25, 42, 24, 34, 25, 31, 25, 23, 36, 37, 37, 21, 26]"
660,22,1.388678789138794,"[25, 37, 24, 22, 22, 34, 47, 28, 32, 28, 31, 31, 27, 30, 15, 37, 30, 27, 43, 24, 33, 33]"
665,23,1.2403838634490967,"[27, 27, 36, 33, 23, 30, 42, 32, 22, 36, 25, 27, 32, 30, 28, 26, 13, 27, 33, 33, 27, 30, 26]"
665,23,1.425532579421997,"[32, 33, 26, 30, 32, 26, 26, 32, 20, 29, 21, 23, 43, 25, 21, 27, 19, 37, 23, 38, 36, 25, 41]"
665,23,1.3961408138275146,"[27, 30, 39, 39, 26, 38, 25, 24, 18, 26, 33, 23, 23, 34, 29, 26, 30, 33, 23, 30, 31, 32, 26]"
665,23,1.1770360469818115,"[31, 29, 36, 24, 32, 18, 28, 25, 22, 31, 16, 29, 28, 32, 26, 33, 37, 25, 31, 39, 23, 37, 33]"
665,23,1.1705710887908936,"[18, 28, 35, 25, 33, 31, 32, 27, 37, 27, 19, 37, 30, 32, 40, 29, 18, 22, 23, 26, 30, 32, 34]"
670,23,1.3984794616699219,"[23, 33, 40, 22, 35, 21, 27, 28, 37, 19, 31, 37, 26, 26, 42, 28, 29, 25, 42, 25, 20, 30, 24]"
670,23,1.3182194232940674,"[22, 28, 35, 33, 25, 33, 26, 32, 25, 42, 34, 26, 26, 31, 23, 28, 30, 25, 33, 34, 26, 27, 26]"
670,23,1.5170166492462158,"[27, 24, 26, 16, 35, 33, 21, 39, 32, 24, 29, 22, 33, 37, 40, 20, 28, 18, 35, 39, 37, 33, 22]"
670,23,1.4991044998168945,"[22, 25, 27, 17, 39, 39, 34, 27, 25, 22, 30, 28, 22, 36, 27, 34, 29, 23, 27, 26, 46, 35, 30]"
670,23,1.3166391849517822,"[36, 21, 27, 29, 35, 31, 37, 35, 33, 29, 30, 34, 23, 28, 22, 24, 22, 28, 31, 24, 33, 32, 26]"
675,23,1.3998165130615234,"[36, 29, 24, 26, 32, 31, 28, 32, 38, 24, 30, 25, 35, 30, 37, 29, 26, 31, 22, 35, 25, 22, 28]"
675,23,1.6444766521453857,"[22, 30, 31, 20, 38, 30, 36, 32, 30, 18, 27, 37, 25, 29, 30, 30, 27, 32, 28, 19, 25, 29, 50]"
675,23,1.420189380645752,"[27, 22, 33, 21, 32, 34, 27, 37, 36, 20, 38, 23, 37, 27, 21, 25, 31, 28, 38, 34, 21, 43, 20]"
675,23,1.4607210159301758,"[23, 48, 27, 33, 28, 25, 33, 34, 32, 34, 24, 21, 28, 24, 52, 24, 27, 22, 24, 27, 33, 26, 26]"
675,23,1.5750653743743896,"[25, 25, 20, 32, 33, 34, 33, 43, 23, 31, 34, 34, 31, 30, 19, 31, 21, 29, 37, 20, 42, 29, 19]"
680,23,1.8213341236114502,"[25, 27, 32, 23, 23, 28, 26, 35, 30, 33, 29, 30, 32, 34, 19, 30, 38, 30, 28, 40, 27, 29, 32]"
680,23,1.5553412437438965,"[25, 37, 31, 23, 28, 30, 27, 20, 29, 36, 47, 34, 19, 22, 33, 27, 35, 34, 27, 29, 32, 27, 28]"
680,23,1.4397406578063965,"[28, 25, 30, 26, 39, 30, 34, 29, 18, 42, 28, 28, 39, 31, 25, 25, 27, 25, 25, 32, 20, 34, 40]"
680,23,1.4570567607879639,"[38, 32, 29, 33, 41, 36, 27, 23, 26, 20, 41, 30, 35, 25, 27, 23, 30, 34, 22, 21, 37, 26, 24]"
680,23,1.615171194076538,"[25, 31, 39, 25, 22, 22, 17, 30, 37, 22, 36, 18, 28, 30, 43, 27, 30, 31, 34, 28, 40, 32, 33]"
685,23,1.3761045932769775,"[19, 28, 38, 36, 35, 43, 35, 29, 21, 37, 35, 26, 29, 42, 33, 34, 30, 18, 31, 17, 20, 26, 23]"
685,23,1.772371768951416,"[30, 29, 32, 26, 19, 25, 21, 17, 26, 42, 38, 44, 35, 24, 42, 18, 25, 37, 31, 25, 25, 36, 38]"
685,23,1.5647051334381104,"[32, 31, 35, 21, 22, 19, 35, 26, 24, 27, 37, 23, 25, 38, 20, 24, 41, 24, 35, 45, 44, 29, 28]"
685,23,1.385929822921753,"[15, 26, 40, 24, 36, 40, 34, 28, 31, 25, 34, 25, 43, 23, 31, 36, 30, 31, 23, 19, 28, 32, 31]"
685,23,1.39683198928833,"[34, 32, 30, 28, 22, 25, 31, 40, 22, 24, 30, 19, 39, 32, 39, 25, 34, 34, 25, 26, 35, 31, 28]"
690,23,1.4900732040405273,"[31, 28, 26, 28, 27, 35, 32, 24, 21, 32, 39, 17, 26, 42, 29, 26, 33, 29, 35, 29, 24, 34, 43]"
690,23,1.584836721420288,"[29, 29, 28, 33, 30, 30, 28, 24, 34, 30, 23, 32, 34, 26, 26, 34, 33, 25, 24, 27, 29, 41, 41]"
690,23,1.65818190574646,"[32, 38, 23, 33, 25, 24, 26, 20, 41, 35, 34, 23, 32, 41, 33, 25, 25, 32, 35, 28, 35, 27, 23]"
690,23,1.5895934104919434,"[21, 28, 23, 29, 29, 23, 20, 38, 34, 48, 30, 33, 22, 25, 26, 43, 27, 36, 22, 38, 32, 35, 28]"
690,23,1.361346960067749,"[34, 23, 27, 35, 26, 32, 24, 38, 26, 28, 37, 23, 30, 30, 42, 27, 29, 31, 34, 35, 26, 30, 23]"
695,24,1.4874882698059082,"[32, 23, 22, 27, 25, 25, 29, 37, 24, 29, 33, 27, 25, 37, 35, 22, 38, 25, 36, 34, 23, 28, 28, 31]"
695,24,1.6118509769439697,"[29, 31, 31, 27, 27, 19, 35, 27, 20, 35, 35, 34, 34, 42, 29, 19, 22, 25, 37, 19, 29, 31, 34, 24]"
695,24,1.560525894165039,"[34, 23, 42, 27, 26, 34, 33, 17, 15, 29, 28, 20, 35, 32, 30, 42, 30, 30, 29, 18, 29, 30, 32, 30]"
695,24,1.3216261863708496,"[33, 38, 38, 36, 21, 32, 34, 19, 37, 28, 24, 36, 27, 30, 33, 22, 23, 28, 27, 25, 25, 32, 27, 20]"
695,24,1.622579574584961,"[37, 36, 30, 28, 40, 22, 31, 22, 25, 31, 23, 21, 31, 26, 27, 33, 25, 33, 16, 21, 32, 45, 32, 28]"
700,24,1.5463495254516602,"[29, 29, 40, 25, 18, 22, 19, 29, 27, 25, 44, 25, 26, 19, 42, 29, 31, 22, 27, 38, 27, 33, 38, 36]"
700,24,1.273754596710205,"[27, 22, 27, 38, 27, 25, 22, 28, 45, 28, 30, 17, 26, 21, 40, 28, 39, 30, 37, 30, 27, 30, 29, 27]"
700,24,1.4386813640594482,"[30, 24, 31, 25, 23, 37, 34, 28, 45, 32, 25, 26, 29, 28, 27, 23, 38, 41, 23, 29, 22, 33, 20, 27]"
700,24,1.3777663707733154,"[25, 25, 31, 29, 21, 25, 31, 31, 37, 23, 25, 29, 44, 21, 36, 31, 27, 33, 35, 25, 39, 20, 18, 39]"
700,24,1.4860801696777344,"[31, 25, 40, 35, 42, 30, 22, 30, 24, 28, 36, 23, 32, 29, 23, 31, 30, 32, 18, 25, 31, 33, 26, 24]"
705,24,1.5683789253234863,"[36, 23, 26, 33, 16, 28, 23, 31, 28, 26, 28, 26, 30, 35, 40, 28, 32, 27, 36, 37, 31, 28, 28, 29]"
705,24,1.4759199619293213,"[25, 25, 31, 28, 32, 25, 30, 30, 21, 45, 19, 34, 27, 26, 24, 33, 23, 40, 39, 24, 36, 27, 28, 33]"
705,24,1.492318868637085,"[22, 24, 28, 24, 39, 31, 18, 23, 33, 29, 44, 21, 31, 32, 32, 22, 16, 48, 34, 24, 35, 25, 30, 40]"
705,24,1.6455748081207275,"[25, 21, 41, 32, 28, 16, 28, 27, 30, 32, 41, 32, 32, 26, 24, 35, 29, 48, 33, 36, 33, 18, 18, 20]"
705,24,1.3925514221191406,"[33, 29, 29, 26, 31, 31, 42, 39, 16, 25, 26, 19, 29, 31, 36, 29, 33, 23, 32, 33, 29, 25, 27, 32]"
710,24,1.5992810726165771,"[35, 37, 27, 32, 31, 32, 28, 31, 19, 31, 35, 30, 29, 19, 45, 30, 35, 32, 30, 12, 31, 24, 22, 33]"
710,24,1.617462158203125,"[29, 32, 45, 28, 28, 19, 27, 18, 26, 21, 22, 37, 34, 42, 40, 31, 26, 44, 34, 22, 29, 25, 27, 24]"
710,24,1.6370680332183838,"[26, 37, 33, 20, 29, 39, 32, 27, 37, 30, 32, 26, 37, 29, 24, 34, 33, 19, 33, 28, 22, 37, 26, 20]"
710,24,1.6065797805786133,"[25, 22, 30, 39, 26, 29, 45, 24, 19, 28, 35, 36, 37, 20, 34, 27, 32, 30, 29, 23, 33, 28, 29, 30]"
710,24,1.6718978881835938,"[21, 31, 28, 24, 30, 39, 30, 32, 34, 26, 39, 29, 40, 29, 40, 25, 21, 24, 28, 25, 45, 22, 25, 23]"
715,24,1.7029469013214111,"[23, 25, 24, 34, 35, 18, 28, 31, 33, 16, 28, 38, 37, 35, 41, 27, 24, 19, 50, 34, 37, 30, 30, 18]"
715,24,1.455068588256836,"[27, 34, 33, 33, 26, 31, 28, 28, 19, 29, 25, 28, 25, 29, 33, 29, 43, 35, 32, 23, 34, 31, 27, 33]"
715,24,1.765678882598877,"[44, 27, 27, 41, 24, 25, 26, 35, 22, 29, 25, 25, 36, 42, 32, 21, 22, 39, 26, 32, 43, 25, 24, 23]"
715,24,1.5286314487457275,"[32, 44, 28, 26, 30, 28, 35, 24, 36, 40, 24, 27, 23, 23, 36, 29, 37, 30, 21, 28, 25, 21, 38, 30]"
715,24,1.3799941539764404,"[17, 38, 40, 29, 37, 28, 30, 43, 24, 19, 29, 36, 28, 20, 26, 35, 36, 39, 20, 27, 22, 32, 30, 30]"
720,24,1.9374191761016846,"[28, 20, 41, 23, 24, 18, 39, 37, 29, 44, 20, 38, 34, 31, 32, 41, 36, 26, 21, 23, 28, 28, 18, 41]"
720,24,1.7999556064605713,"[31, 44, 21, 38, 40, 32, 33, 31, 20, 32, 27, 32, 33, 27, 31, 20, 25, 35, 21, 36, 24, 32, 33, 22]"
720,24,1.770186424255371,"[25, 23, 28, 31, 36, 15, 38, 33, 40, 34, 47, 30, 25, 20, 22, 36, 28, 24, 31, 28, 31, 23, 35, 37]"
720,24,1.5694544315338135,"[30, 38, 30, 33, 35, 43, 31, 35, 29, 30, 26, 41, 22, 46, 29, 26, 28, 22, 22, 22, 25, 25, 28, 24]"
720,24,1.6666440963745117,"[41, 27, 25, 33, 23, 17, 33, 30, 22, 15, 39, 22, 33, 39, 22, 29, 25, 38, 40, 23, 27, 39, 35, 43]"
725,25,1.4011192321777344,"[32, 44, 34, 30, 17, 32, 33, 23, 34, 32, 29, 29, 36, 30, 26, 15, 31, 30, 32, 33, 28, 17, 28, 23, 27]"
725,25,1.4131674766540527,"[30, 33, 31, 31, 27, 32, 35, 26, 22, 23, 21, 27, 36, 33, 35, 27, 31, 23, 46, 27, 30, 27, 13, 35, 24]"
725,25,1.5444514751434326,"[25, 25, 28, 26, 33, 30, 19, 28, 26, 25, 32, 43, 27, 30, 26, 20, 27, 45, 32, 30, 32, 31, 24, 23, 38]"
725,25,1.6573293209075928,"[26, 39, 14, 21, 23, 29, 32, 19, 41, 30, 32, 23, 24, 29, 40, 35, 41, 33, 33, 22, 21, 25, 31, 26, 36]"
725,25,1.3640806674957275,"[29, 31, 28, 29, 27, 30, 25, 32, 27, 27, 44, 27, 26, 30, 23, 38, 25, 27, 28, 35, 37, 32, 27, 26, 15]"
730,25,1.5982041358947754,"[25, 25, 28, 28, 38, 39, 35, 42, 28, 28, 21, 23, 23, 31, 37, 32, 29, 27, 34, 32, 25, 24, 24, 24, 28]"
730,25,1.4719669818878174,"[28, 24, 30, 20, 29, 25, 26, 30, 28, 29, 26, 37, 25, 23, 37, 31, 26, 28, 25, 27, 28, 40, 34, 36, 38]"
730,25,1.5001981258392334,"[33, 26, 29, 23, 32, 33, 34, 35, 23, 41, 34, 26, 30, 19, 36, 34, 28, 31, 27, 23, 29, 22, 28, 30, 24]"
730,25,1.5662188529968262,"[23, 25, 24, 27, 41, 38, 21, 29, 31, 32, 26, 40, 31, 23, 38, 34, 37, 35, 18, 30, 26, 23, 29, 23, 26]"
730,25,1.4990508556365967,"[37, 18, 33, 30, 30, 25, 29, 24, 32, 35, 21, 34, 18, 25, 19, 45, 37, 33, 32, 20, 30, 27, 32, 32, 32]"
735,25,1.8254501819610596,"[26, 40, 29, 31, 22, 42, 36, 32, 28, 22, 23, 25, 35, 30, 25, 30, 32, 25, 41, 35, 10, 34, 28, 24, 30]"
735,25,1.4528460502624512,"[36, 30, 24, 29, 28, 29, 38, 25, 33, 30, 29, 28, 32, 26, 30, 24, 33, 32, 38, 21, 26, 26, 39, 22, 27]"
735,25,1.4791462421417236,"[38, 25, 31, 37, 32, 26, 22, 36, 39, 23, 31, 23, 23, 33, 35, 24, 25, 22, 40, 24, 34, 19, 29, 26, 38]"
735,25,1.5854074954986572,"[25, 32, 43, 30, 32, 46, 12, 28, 26, 21, 22, 33, 30, 34, 28, 38, 39, 20, 28, 35, 30, 33, 26, 22, 22]"
735,25,1.7338013648986816,"[21, 45, 32, 25, 25, 38, 34, 24, 31, 24, 24, 22, 20, 25, 30, 32, 25, 37, 26, 26, 28, 39, 30, 35, 37]"
740,25,1.8044018745422363,"[19, 24, 20, 26, 32, 19, 26, 36, 35, 52, 22, 25, 39, 41, 30, 30, 42, 21, 31, 39, 26, 32, 41, 16, 16]"
740,25,1.5737972259521484,"[26, 28, 35, 37, 26, 24, 56, 19, 16, 31, 30, 31, 20, 39, 20, 34, 36, 23, 47, 27, 23, 25, 38, 19, 30]"
740,25,1.439225435256958,"[21, 28, 31, 31, 37, 28, 34, 18, 34, 23, 28, 21, 21, 31, 39, 31, 32, 33, 34, 27, 23, 42, 22, 39, 32]"
740,25,1.4301252365112305,"[31, 33, 26, 27, 41, 24, 32, 24, 21, 29, 30, 28, 31, 29, 22, 24, 34, 28, 32, 47, 29, 21, 23, 38, 36]"
740,25,1.7128164768218994,"[36, 13, 29, 29, 37, 22, 21, 41, 27, 25, 31, 34, 22, 40, 28, 41, 16, 25, 30, 26, 27, 38, 23, 32, 47]"
745,25,1.504814624786377,"[29, 40, 27, 37, 24, 27, 30, 32, 41, 32, 21, 36, 32, 35, 39, 28, 35, 25, 21, 37, 26, 13, 29, 30, 19]"
745,25,1.8053333759307861,"[30, 45, 25, 29, 38, 24, 22, 24, 33, 23, 41, 33, 23, 33, 23, 38, 27, 27, 28, 29, 21, 23, 26, 32, 48]"
745,25,1.6578161716461182,"[27, 34, 32, 25, 24, 22, 31, 26, 26, 41, 29, 45, 22, 26, 28, 19, 28, 18, 29, 31, 36, 35, 38, 33, 40]"
745,25,1.4942517280578613,"[18, 24, 34, 33, 28, 30, 35, 36, 24, 38, 29, 27, 33, 28, 46, 28, 35, 32, 26, 23, 23, 29, 33, 22, 31]"
745,25,1.4842803478240967,"[34, 35, 29, 21, 42, 35, 36, 31, 30, 22, 36, 27, 27, 30, 28, 32, 33, 31, 27, 33, 23, 26, 29, 25, 23]"
750,25,1.7573354244232178,"[45, 25, 41, 35, 30, 33, 28, 28, 21, 23, 28, 24, 37, 25, 23, 16, 22, 45, 24, 35, 32, 41, 26, 28, 35]"
750,25,1.6539053916931152,"[19, 39, 39, 31, 28, 23, 21, 37, 31, 38, 32, 21, 26, 21, 26, 35, 44, 25, 38, 39, 34, 37, 20, 24, 22]"
750,25,1.642622470855713,"[30, 38, 19, 28, 22, 30, 24, 33, 26, 36, 36, 24, 33, 39, 29, 34, 33, 23, 27, 39, 39, 17, 31, 37, 23]"
750,25,1.6389131546020508,"[33, 22, 34, 35, 25, 28, 37, 24, 25, 37, 25, 24, 34, 30, 31, 22, 34, 21, 28, 38, 31, 31, 29, 37, 35]"
750,25,1.7326407432556152,"[41, 25, 40, 18, 38, 32, 34, 27, 23, 37, 38, 27, 33, 31, 31, 26, 35, 30, 27, 23, 23, 23, 23, 33, 32]"
755,26,1.5625736713409424,"[25, 28, 28, 38, 31, 25, 9, 24, 30, 35, 39, 31, 35, 33, 34, 20, 26, 34, 25, 32, 36, 40, 31, 23, 23, 20]"
755,26,1.3901078701019287,"[30, 32, 29, 27, 38, 26, 21, 30, 26, 40, 22, 37, 39, 28, 27, 23, 22, 30, 34, 23, 20, 23, 30, 32, 31, 35]"
755,26,1.604870319366455,"[37, 25, 23, 25, 24, 22, 30, 21, 33, 32, 32, 26, 26, 35, 37, 40, 30, 18, 34, 35, 31, 30, 29, 29, 32, 19]"
755,26,1.4388251304626465,"[32, 22, 33, 25, 34, 37, 32, 28, 28, 33, 31, 21, 17, 28, 25, 43, 33, 20, 33, 29, 26, 20, 22, 32, 31, 40]"
755,26,1.7351560592651367,"[30, 19, 19, 36, 24, 20, 33, 35, 26, 35, 32, 24, 33, 26, 36, 30, 33, 33, 29, 23, 31, 21, 35, 27, 29, 36]"
760,26,1.8958234786987305,"[26, 21, 19, 35, 32, 26, 16, 32, 32, 37, 44, 26, 24, 45, 25, 20, 32, 33, 27, 28, 30, 28, 33, 28, 37, 24]"
760,26,1.6794674396514893,"[27, 40, 39, 29, 23, 24, 39, 23, 29, 26, 29, 27, 25, 34, 32, 31, 25, 29, 34, 20, 33, 16, 32, 31, 37, 26]"
760,26,1.8526246547698975,"[31, 31, 35, 40, 30, 31, 37, 17, 24, 27, 25, 30, 24, 36, 16, 16, 37, 37, 25, 24, 25, 28, 32, 36, 30, 36]"
760,26,1.4895319938659668,"[27, 31, 28, 33, 24, 42, 34, 39, 24, 19, 27, 28, 23, 33, 36, 32, 42, 27, 32, 28, 23, 18, 32, 31, 20, 27]"
760,26,1.7040843963623047,"[30, 25, 25, 29, 26, 38, 27, 43, 30, 23, 29, 42, 39, 28, 23, 34, 30, 20, 30, 39, 16, 25, 32, 22, 23, 32]"
765,26,1.3691847324371338,"[38, 33, 22, 23, 31, 34, 30, 34, 37, 23, 22, 18, 29, 16, 18, 32, 34, 33, 30, 41, 26, 26, 36, 32, 30, 37]"
765,26,1.758134126663208,"[42, 19, 28, 29, 36, 25, 28, 21, 45, 33, 27, 34, 21, 39, 22, 43, 27, 38, 30, 27, 23, 30, 22, 27, 19, 30]"
765,26,1.5441029071807861,"[31, 27, 22, 37, 15, 35, 33, 20, 18, 27, 30, 29, 22, 34, 30, 18, 38, 29, 27, 29, 30, 38, 33, 27, 41, 45]"
765,26,1.695887565612793,"[15, 35, 29, 29, 39, 35, 29, 30, 36, 37, 26, 35, 23, 25, 25, 42, 21, 35, 30, 20, 24, 29, 23, 21, 37, 35]"
765,26,1.8068158626556396,"[32, 31, 28, 28, 30, 22, 27, 32, 33, 33, 33, 39, 39, 32, 26, 29, 20, 42, 12, 40, 38, 27, 18, 29, 18, 27]"
770,26,1.592799186706543,"[26, 32, 24, 33, 31, 31, 18, 28, 24, 19, 29, 37, 33, 27, 32, 25, 48, 28, 36, 30, 28, 48, 18, 29, 31, 25]"
770,26,1.8429057598114014,"[45, 27, 32, 38, 22, 30, 15, 29, 32, 37, 32, 35, 18, 24, 31, 20, 36, 34, 35, 36, 24, 36, 23, 22, 30, 27]"
770,26,1.855593204498291,"[29, 25, 37, 39, 30, 37, 48, 22, 35, 36, 32, 39, 35, 26, 15, 26, 35, 25, 20, 28, 29, 20, 27, 28, 26, 21]"
770,26,1.5415287017822266,"[35, 10, 28, 13, 26, 30, 29, 26, 24, 40, 31, 29, 32, 24, 20, 37, 36, 39, 28, 37, 40, 22, 25, 40, 31, 38]"
770,26,1.614912509918213,"[27, 27, 26, 21, 34, 30, 32, 39, 22, 29, 23, 41, 44, 36, 18, 33, 20, 28, 27, 35, 36, 39, 31, 23, 25, 24]"
775,26,1.6639819145202637,"[35, 28, 21, 24, 32, 24, 43, 25, 22, 29, 34, 43, 37, 32, 36, 29, 22, 31, 34, 34, 26, 32, 27, 28, 23, 24]"
775,26,1.640890121459961,"[30, 29, 24, 13, 30, 35, 25, 34, 36, 30, 30, 38, 30, 28, 28, 28, 31, 42, 42, 32, 28, 28, 20, 28, 31, 25]"
775,26,1.7977607250213623,"[25, 24, 40, 32, 27, 15, 25, 33, 35, 37, 30, 28, 26, 34, 35, 28, 25, 38, 27, 22, 22, 42, 27, 25, 42, 31]"
775,26,1.6674764156341553,"[25, 29, 36, 27, 36, 38, 44, 28, 22, 30, 23, 30, 36, 27, 27, 33, 29, 19, 24, 25, 36, 32, 45, 23, 26, 25]"
775,26,1.596785545349121,"[32, 40, 29, 26, 35, 23, 35, 38, 20, 24, 35, 21, 19, 45, 22, 27, 39, 35, 26, 31, 34, 33, 20, 31, 24, 31]"
780,26,1.7127201557159424,"[24, 18, 45, 22, 32, 23, 19, 24, 36, 48, 34, 23, 25, 29, 27, 25, 20, 49, 39, 28, 36, 21, 25, 39, 29, 40]"
780,26,1.8096721172332764,"[32, 20, 21, 21, 38, 28, 33, 27, 28, 33, 17, 34, 22, 40, 33, 22, 29, 28, 31, 37, 33, 43, 29, 37, 37, 27]"
780,26,1.5259957313537598,"[33, 22, 29, 37, 21, 27, 42, 33, 28, 33, 33, 32, 22, 32, 27, 35, 21, 22, 28, 29, 30, 32, 41, 32, 31, 28]"
780,26,1.4798004627227783,"[28, 33, 28, 27, 29, 34, 34, 28, 32, 24, 30, 40, 29, 27, 30, 38, 28, 24, 25, 26, 26, 39, 37, 31, 22, 31]"
780,26,1.863415002822876,"[29, 31, 30, 21, 31, 37, 21, 31, 29, 31, 20, 17, 37, 24, 23, 32, 29, 37, 26, 29, 37, 42, 39, 39, 33, 25]"
785,27,1.5633621215820312,"[33, 32, 33, 26, 30, 32, 37, 38, 34, 31, 24, 28, 32, 22, 32, 20, 30, 28, 29, 22, 22, 27, 30, 27, 37, 21, 28]"
785,27,1.5310394763946533,"[29, 28, 32, 33, 23, 23, 23, 35, 28, 30, 33, 41, 23, 22, 24, 35, 21, 32, 41, 22, 35, 30, 30, 22, 26, 32, 32]"
785,27,1.7015914916992188,"[43, 24, 22, 31, 30, 19, 25, 25, 35, 24, 48, 27, 22, 35, 31, 23, 24, 31, 41, 28, 30, 30, 33, 21, 34, 27, 22]"
785,27,1.469008207321167,"[16, 28, 30, 32, 32, 23, 36, 32, 25, 28, 38, 23, 31, 32, 33, 29, 33, 33, 31, 30, 21, 25, 25, 32, 31, 23, 33]"
785,27,1.517918586730957,"[33, 27, 30, 31, 40, 28, 26, 27, 25, 26, 30, 31, 37, 20, 28, 22, 31, 39, 31, 33, 23, 25, 34, 37, 26, 23, 22]"
790,27,1.8445699214935303,"[31, 39, 28, 21, 20, 32, 25, 23, 30, 31, 32, 28, 21, 32, 31, 38, 36, 29, 53, 24, 26, 28, 17, 31, 29, 23, 32]"
790,27,1.5366628170013428,"[29, 24, 29, 31, 19, 36, 32, 28, 17, 34, 32, 27, 37, 36, 29, 25, 20, 43, 29, 33, 31, 32, 28, 36, 21, 26, 26]"
790,27,1.4946777820587158,"[25, 29, 30, 28, 31, 30, 25, 37, 20, 33, 34, 28, 32, 25, 23, 27, 28, 26, 34, 33, 34, 30, 28, 29, 18, 35, 38]"
790,27,1.6329841613769531,"[27, 31, 39, 27, 26, 31, 34, 32, 35, 31, 33, 38, 28, 35, 29, 32, 21, 23, 23, 33, 22, 26, 24, 29, 33, 29, 19]"
790,27,1.5950193405151367,"[32, 39, 37, 29, 27, 25, 31, 28, 26, 40, 25, 23, 31, 38, 30, 22, 25, 24, 35, 20, 33, 25, 29, 40, 30, 20, 26]"
795,27,2.3154051303863525,"[35, 27, 28, 28, 50, 47, 34, 29, 40, 13, 32, 23, 36, 20, 37, 23, 36, 17, 19, 33, 24, 25, 49, 23, 18, 34, 15]"
795,27,1.6721217632293701,"[31, 33, 23, 36, 34, 39, 34, 26, 24, 24, 20, 27, 27, 33, 21, 21, 33, 18, 39, 22, 34, 28, 36, 37, 44, 22, 29]"
795,27,1.847846508026123,"[25, 32, 33, 29, 34, 20, 38, 30, 32, 29, 30, 32, 30, 48, 31, 30, 27, 20, 25, 28, 33, 27, 26, 30, 30, 27, 19]"
795,27,1.5734260082244873,"[35, 29, 29, 29, 18, 22, 25, 30, 28, 32, 33, 51, 31, 33, 30, 26, 33, 32, 37, 26, 25, 15, 24, 20, 30, 29, 43]"
795,27,1.6010982990264893,"[37, 24, 28, 37, 38, 32, 40, 21, 24, 28, 27, 30, 31, 26, 32, 36, 23, 26, 29, 30, 35, 29, 23, 29, 20, 34, 26]"
800,27,1.7947008609771729,"[32, 38, 32, 32, 30, 29, 20, 39, 38, 30, 29, 27, 27, 24, 32, 23, 43, 35, 26, 22, 37, 17, 29, 20, 30, 26, 33]"
800,27,1.8695833683013916,"[28, 33, 28, 28, 36, 17, 23, 41, 28, 30, 20, 36, 29, 29, 24, 31, 26, 37, 29, 23, 36, 34, 42, 27, 35, 28, 22]"
800,27,1.690014123916626,"[30, 39, 27, 43, 26, 28, 39, 30, 22, 22, 36, 28, 24, 34, 37, 30, 32, 14, 25, 26, 31, 39, 21, 29, 26, 27, 35]"
800,27,2.306941509246826,"[38, 21, 31, 28, 26, 25, 28, 30, 19, 40, 21, 26, 44, 26, 22, 33, 27, 33, 35, 24, 33, 31, 30, 27, 36, 32, 34]"
800,27,1.7690742015838623,"[33, 19, 24, 37, 36, 31, 27, 33, 31, 25, 28, 23, 31, 36, 36, 35, 19, 40, 29, 25, 32, 24, 37, 29, 21, 26, 33]"
805,27,1.9516761302947998,"[29, 22, 44, 26, 21, 38, 15, 34, 32, 23, 29, 21, 41, 26, 29, 31, 40, 22, 26, 39, 38, 24, 20, 39, 31, 34, 31]"
805,27,1.6095693111419678,"[30, 28, 31, 20, 33, 20, 29, 20, 31, 40, 31, 33, 35, 26, 30, 41, 29, 31, 33, 21, 30, 27, 35, 34, 33, 30, 24]"
805,27,1.5901567935943604,"[23, 25, 30, 22, 20, 34, 25, 30, 32, 33, 17, 28, 31, 34, 34, 34, 28, 47, 26, 33, 40, 29, 29, 38, 27, 29, 27]"
805,27,1.7364513874053955,"[22, 24, 29, 31, 28, 21, 44, 28, 28, 30, 24, 29, 34, 27, 30, 17, 33, 38, 35, 41, 30, 27, 22, 33, 20, 40, 40]"
805,27,1.9030723571777344,"[20, 23, 21, 40, 33, 40, 36, 41, 36, 17, 28, 30, 33, 28, 33, 33, 33, 38, 25, 25, 35, 31, 26, 30, 19, 34, 17]"
810,27,1.6439380645751953,"[31, 24, 31, 29, 28, 47, 37, 22, 43, 27, 32, 33, 29, 30, 25, 13, 25, 26, 29, 28, 34, 34, 37, 29, 31, 27, 29]"
810,27,2.0211079120635986,"[23, 40, 34, 34, 24, 38, 28, 40, 37, 34, 36, 27, 28, 28, 40, 31, 27, 23, 23, 19, 28, 36, 18, 23, 27, 33, 31]"
810,27,1.6894972324371338,"[32, 37, 40, 18, 28, 35, 31, 33, 28, 31, 21, 34, 26, 32, 29, 51, 30, 36, 22, 35, 25, 26, 35, 17, 34, 21, 23]"
810,27,1.6600041389465332,"[31, 46, 37, 24, 25, 35, 30, 28, 35, 25, 32, 33, 25, 24, 36, 19, 35, 25, 29, 22, 28, 31, 37, 28, 26, 32, 32]"
810,27,2.094636917114258,"[32, 40, 30, 35, 29, 32, 37, 30, 34, 32, 24, 23, 36, 23, 23, 22, 37, 25, 28, 27, 19, 18, 26, 66, 33, 27, 22]"
815,28,2.0238730907440186,"[32, 22, 37, 23, 25, 39, 23, 28, 43, 23, 27, 36, 39, 24, 20, 32, 30, 31, 43, 22, 26, 21, 26, 37, 26, 25, 20, 35]"
815,28,1.67448091506958,"[43, 32, 29, 23, 22, 22, 28, 18, 25, 31, 28, 35, 37, 25, 30, 26, 34, 28, 38, 27, 34, 30, 33, 21, 35, 32, 28, 21]"
815,28,1.5606927871704102,"[29, 32, 32, 33, 35, 30, 28, 25, 29, 31, 31, 29, 16, 35, 28, 24, 27, 31, 22, 18, 23, 22, 31, 40, 28, 39, 34, 33]"
815,28,1.7810893058776855,"[16, 28, 31, 28, 37, 36, 19, 24, 39, 29, 26, 26, 19, 21, 34, 27, 24, 27, 33, 49, 20, 33, 36, 16, 32, 34, 34, 37]"
815,28,1.4284377098083496,"[32, 38, 30, 33, 31, 36, 27, 30, 30, 28, 29, 23, 30, 24, 29, 30, 38, 23, 28, 24, 33, 22, 26, 27, 32, 31, 25, 26]"
820,28,1.5093660354614258,"[36, 21, 30, 30, 21, 30, 27, 39, 30, 26, 38, 33, 26, 20, 27, 36, 30, 29, 22, 35, 32, 30, 25, 38, 23, 28, 35, 23]"
820,28,1.6449074745178223,"[26, 37, 27, 17, 26, 34, 20, 24, 24, 32, 33, 24, 32, 26, 28, 25, 27, 22, 34, 29, 38, 32, 31, 26, 32, 53, 29, 32]"
820,28,1.575800895690918,"[33, 28, 35, 28, 23, 35, 27, 31, 33, 29, 27, 36, 26, 36, 30, 36, 33, 26, 35, 28, 25, 24, 24, 31, 34, 19, 24, 24]"
820,28,2.186285972595215,"[45, 26, 37, 35, 37, 25, 25, 26, 27, 26, 21, 26, 34, 30, 13, 18, 27, 35, 20, 40, 19, 22, 50, 33, 24, 37, 27, 35]"
820,28,1.8093833923339844,"[29, 23, 17, 34, 46, 27, 30, 42, 38, 27, 38, 32, 27, 29, 14, 30, 23, 27, 30, 26, 27, 37, 19, 24, 30, 25, 30, 39]"
825,28,1.781632661819458,"[31, 40, 25, 34, 33, 40, 27, 29, 35, 27, 31, 32, 20, 32, 18, 38, 32, 28, 34, 23, 31, 28, 33, 29, 16, 30, 15, 34]"
825,28,1.6986753940582275,"[21, 41, 30, 29, 28, 45, 27, 28, 32, 23, 26, 12, 35, 33, 35, 27, 25, 18, 40, 23, 33, 31, 29, 28, 28, 28, 30, 40]"
825,28,1.820033311843872,"[26, 35, 37, 36, 24, 32, 26, 33, 34, 24, 20, 42, 23, 14, 37, 37, 29, 20, 30, 22, 30, 30, 28, 22, 34, 42, 42, 16]"
825,28,2.0112485885620117,"[33, 23, 36, 36, 42, 37, 26, 33, 28, 28, 29, 36, 25, 29, 39, 28, 31, 32, 31, 30, 32, 23, 29, 23, 23, 22, 19, 22]"
825,28,2.3031163215637207,"[34, 18, 29, 24, 32, 43, 27, 31, 45, 16, 42, 23, 24, 24, 23, 18, 36, 33, 45, 33, 38, 27, 38, 19, 32, 24, 25, 22]"
830,28,1.698350429534912,"[34, 32, 37, 33, 33, 28, 27, 29, 26, 27, 34, 26, 31, 29, 21, 28, 24, 19, 24, 34, 27, 25, 51, 25, 27, 22, 37, 40]"
830,28,1.924379825592041,"[25, 26, 25, 35, 15, 34, 26, 42, 19, 30, 34, 33, 25, 33, 31, 32, 21, 23, 33, 37, 27, 29, 31, 28, 39, 42, 31, 24]"
830,28,1.8197698593139648,"[33, 29, 28, 25, 27, 33, 49, 19, 37, 27, 21, 36, 40, 30, 26, 29, 41, 25, 24, 28, 22, 34, 31, 37, 32, 23, 20, 24]"
830,28,1.665067195892334,"[22, 31, 37, 35, 30, 36, 36, 32, 19, 25, 34, 40, 28, 22, 23, 45, 31, 22, 32, 24, 38, 33, 22, 19, 23, 22, 39, 30]"
830,28,1.753997564315796,"[30, 32, 41, 29, 34, 31, 25, 24, 29, 33, 26, 28, 35, 25, 32, 31, 23, 29, 25, 28, 32, 29, 22, 30, 43, 24, 28, 32]"
835,28,1.7314093112945557,"[24, 41, 34, 31, 23, 20, 26, 32, 39, 41, 30, 37, 22, 28, 23, 35, 32, 22, 23, 26, 28, 35, 27, 37, 32, 28, 33, 26]"
835,28,1.9645442962646484,"[30, 25, 34, 26, 18, 30, 18, 25, 38, 27, 26, 33, 32, 35, 24, 36, 32, 27, 25, 35, 37, 37, 36, 24, 41, 32, 24, 28]"
835,28,1.7857260704040527,"[33, 34, 31, 33, 28, 27, 27, 26, 19, 25, 34, 27, 22, 32, 30, 38, 27, 42, 32, 29, 28, 25, 20, 39, 23, 35, 33, 36]"
835,28,1.744924545288086,"[24, 27, 18, 29, 40, 27, 40, 27, 29, 42, 32, 26, 18, 31, 36, 22, 37, 32, 30, 32, 15, 31, 39, 25, 32, 34, 34, 26]"
835,28,2.034236431121826,"[27, 26, 23, 46, 31, 33, 37, 37, 35, 29, 25, 39, 27, 35, 22, 19, 20, 32, 21, 31, 34, 35, 29, 20, 23, 33, 32, 34]"
840,28,1.8764586448669434,"[44, 26, 35, 20, 45, 23, 28, 30, 32, 30, 25, 24, 33, 26, 30, 26, 17, 28, 38, 28, 43, 34, 25, 33, 26, 29, 28, 34]"
840,28,1.845132827758789,"[36, 25, 34, 28, 25, 35, 25, 30, 25, 37, 35, 34, 24, 38, 40, 32, 40, 37, 25, 28, 20, 31, 34, 35, 21, 26, 11, 29]"
840,28,1.9254043102264404,"[22, 21, 22, 26, 25, 26, 44, 36, 25, 34, 37, 36, 17, 26, 38, 36, 36, 35, 26, 24, 30, 22, 36, 32, 32, 41, 31, 24]"
840,28,1.8351058959960938,"[31, 32, 37, 33, 34, 27, 27, 36, 28, 34, 28, 25, 36, 31, 26, 38, 33, 31, 24, 20, 31, 32, 21, 41, 25, 29, 23, 27]"
840,28,2.0003092288970947,"[31, 31, 23, 39, 28, 25, 31, 27, 31, 30, 29, 38, 39, 37, 24, 35, 30, 42, 33, 28, 19, 38, 22, 36, 35, 19, 17, 23]"
845,29,1.9370570182800293,"[28, 33, 23, 28, 36, 26, 25, 39, 17, 28, 17, 24, 37, 42, 28, 29, 22, 29, 20, 37, 30, 26, 39, 20, 34, 34, 30, 31, 33]"
845,29,1.827641487121582,"[23, 24, 35, 32, 24, 39, 27, 33, 26, 27, 34, 42, 29, 17, 32, 28, 25, 37, 32, 24, 28, 34, 15, 41, 30, 26, 24, 24, 33]"
845,29,1.6812570095062256,"[29, 29, 33, 19, 21, 37, 34, 23, 39, 39, 31, 34, 41, 25, 31, 16, 28, 32, 32, 19, 32, 19, 28, 36, 30, 35, 28, 26, 19]"
845,29,1.793860912322998,"[22, 22, 20, 29, 21, 25, 45, 44, 23, 38, 27, 28, 30, 36, 26, 24, 23, 26, 19, 33, 32, 30, 36, 27, 31, 21, 28, 33, 46]"
845,29,1.9825847148895264,"[25, 23, 22, 33, 25, 29, 21, 31, 37, 35, 30, 29, 27, 26, 34, 22, 33, 39, 32, 28, 27, 36, 36, 28, 26, 24, 28, 27, 32]"
850,29,1.6609492301940918,"[26, 24, 33, 36, 35, 26, 33, 27, 36, 32, 20, 27, 33, 24, 39, 34, 35, 26, 34, 19, 26, 34, 26, 41, 20, 31, 29, 20, 24]"
850,29,1.6411380767822266,"[32, 30, 24, 29, 29, 33, 32, 26, 35, 23, 34, 28, 32, 28, 22, 25, 29, 27, 24, 21, 34, 34, 38, 29, 30, 39, 33, 25, 25]"
850,29,1.69459867477417,"[22, 35, 26, 33, 18, 30, 36, 38, 27, 38, 27, 35, 29, 29, 21, 27, 34, 23, 24, 27, 27, 40, 29, 29, 40, 29, 27, 21, 29]"
850,29,1.9390714168548584,"[35, 18, 33, 30, 21, 34, 22, 27, 19, 35, 31, 33, 35, 14, 28, 21, 31, 32, 38, 35, 32, 28, 36, 30, 31, 28, 40, 24, 29]"
850,29,1.6815927028656006,"[30, 35, 35, 37, 27, 36, 43, 25, 19, 35, 27, 17, 29, 22, 31, 29, 23, 31, 35, 23, 22, 25, 35, 45, 23, 35, 27, 25, 24]"
855,29,1.8806049823760986,"[42, 32, 30, 33, 34, 30, 23, 34, 31, 22, 25, 27, 39, 33, 28, 26, 26, 32, 39, 22, 22, 30, 35, 25, 24, 25, 36, 26, 24]"
855,29,1.5209736824035645,"[34, 29, 29, 29, 28, 20, 21, 26, 26, 34, 32, 24, 25, 30, 29, 37, 25, 33, 32, 24, 35, 25, 31, 35, 41, 29, 34, 27, 31]"
855,29,1.832214117050171,"[28, 25, 22, 31, 26, 44, 30, 39, 14, 26, 37, 28, 29, 32, 29, 31, 36, 24, 22, 20, 34, 42, 27, 34, 27, 34, 27, 25, 32]"
855,29,1.808058738708496,"[27, 22, 29, 29, 28, 29, 53, 26, 29, 26, 23, 19, 25, 42, 31, 26, 29, 30, 32, 29, 30, 31, 25, 28, 30, 32, 31, 36, 28]"
855,29,1.748762845993042,"[33, 33, 33, 28, 20, 27, 40, 21, 32, 31, 37, 20, 22, 34, 17, 29, 33, 27, 23, 29, 31, 36, 30, 16, 30, 39, 29, 43, 32]"
860,29,1.9526805877685547,"[30, 28, 30, 28, 26, 25, 40, 26, 32, 33, 33, 37, 23, 34, 27, 23, 25, 27, 23, 23, 33, 30, 24, 23, 42, 20, 35, 34, 46]"
860,29,1.6635863780975342,"[22, 27, 22, 17, 22, 40, 41, 25, 26, 36, 26, 34, 25, 28, 30, 25, 41, 30, 34, 36, 22, 29, 35, 34, 33, 34, 36, 27, 23]"
860,29,1.9480016231536865,"[26, 31, 31, 23, 31, 25, 25, 39, 29, 22, 29, 24, 27, 35, 33, 23, 28, 25, 32, 44, 46, 34, 29, 28, 27, 36, 28, 20, 30]"
860,29,2.0285472869873047,"[34, 20, 42, 22, 29, 23, 30, 31, 22, 30, 23, 29, 34, 39, 28, 36, 31, 19, 39, 33, 19, 24, 29, 37, 35, 23, 28, 42, 29]"
860,29,1.6379225254058838,"[32, 29, 18, 27, 31, 36, 24, 34, 29, 32, 29, 22, 29, 30, 22, 29, 46, 32, 29, 33, 30, 33, 27, 36, 28, 21, 27, 31, 34]"
865,29,2.333864212036133,"[17, 53, 33, 36, 33, 25, 34, 36, 27, 24, 47, 21, 37, 39, 31, 44, 22, 34, 21, 23, 24, 25, 28, 26, 30, 12, 23, 30, 30]"
865,29,2.524101495742798,"[33, 26, 37, 28, 30, 44, 35, 40, 26, 38, 31, 29, 42, 33, 27, 27, 17, 35, 24, 35, 23, 20, 29, 30, 22, 18, 28, 28, 30]"
865,29,1.786419153213501,"[30, 23, 41, 35, 38, 23, 23, 28, 37, 35, 34, 31, 18, 36, 33, 30, 26, 38, 30, 26, 28, 22, 18, 36, 31, 28, 27, 36, 24]"
865,29,1.855719804763794,"[33, 29, 40, 24, 22, 33, 24, 36, 36, 23, 33, 26, 19, 32, 39, 22, 26, 26, 40, 32, 20, 34, 41, 33, 40, 22, 21, 34, 25]"
865,29,1.9779114723205566,"[37, 31, 26, 33, 39, 42, 35, 21, 25, 24, 23, 22, 28, 26, 30, 22, 30, 21, 32, 38, 34, 25, 26, 21, 37, 37, 36, 27, 37]"
870,29,2.2462100982666016,"[21, 29, 22, 32, 21, 23, 29, 38, 15, 36, 50, 36, 34, 29, 34, 25, 21, 33, 29, 32, 43, 43, 23, 23, 33, 28, 28, 38, 22]"
870,29,1.9215426445007324,"[31, 32, 31, 22, 30, 28, 34, 27, 29, 41, 23, 47, 33, 34, 36, 21, 26, 27, 36, 20, 34, 19, 29, 31, 31, 29, 28, 28, 33]"
870,29,1.5689513683319092,"[31, 30, 36, 25, 27, 26, 27, 28, 29, 30, 46, 27, 19, 34, 34, 31, 29, 27, 32, 40, 28, 27, 26, 23, 36, 25, 29, 25, 43]"
870,29,2.163382053375244,"[35, 28, 27, 31, 26, 29, 22, 27, 15, 25, 31, 28, 40, 43, 22, 28, 24, 34, 25, 23, 27, 36, 28, 43, 38, 28, 34, 44, 29]"
870,29,1.7726659774780273,"[34, 14, 22, 29, 28, 39, 29, 34, 29, 29, 20, 33, 42, 29, 21, 36, 33, 36, 39, 31, 32, 25, 26, 28, 38, 32, 28, 22, 32]"
875,30,1.812868595123291,"[36, 28, 33, 29, 34, 24, 34, 40, 43, 34, 32, 34, 39, 32, 19, 26, 37, 16, 29, 28, 24, 26, 25, 16, 23, 28, 28, 32, 27, 19]"
875,30,1.944878339767456,"[34, 26, 45, 31, 29, 30, 34, 20, 28, 26, 29, 22, 24, 26, 23, 28, 30, 26, 30, 35, 20, 26, 31, 29, 38, 30, 39, 17, 34, 35]"
875,30,1.8062069416046143,"[13, 19, 27, 36, 31, 33, 41, 33, 30, 33, 24, 41, 23, 26, 25, 32, 26, 38, 27, 33, 34, 27, 23, 39, 34, 33, 21, 18, 32, 23]"
875,30,2.156324625015259,"[28, 36, 20, 42, 38, 20, 27, 35, 28, 18, 25, 27, 34, 26, 24, 35, 23, 34, 33, 40, 22, 24, 31, 36, 25, 28, 28, 23, 42, 23]"
875,30,2.065544843673706,"[35, 20, 18, 23, 29, 24, 27, 30, 30, 28, 33, 32, 26, 25, 26, 40, 25, 33, 50, 28, 27, 28, 25, 22, 31, 33, 27, 48, 24, 28]"
880,30,2.066452741622925,"[25, 37, 36, 24, 22, 32, 27, 26, 22, 37, 32, 22, 30, 30, 30, 31, 17, 27, 39, 27, 32, 24, 25, 30, 27, 35, 29, 31, 42, 32]"
880,30,1.976212978363037,"[31, 37, 34, 41, 32, 25, 20, 40, 27, 10, 23, 30, 36, 20, 28, 33, 33, 28, 31, 32, 21, 28, 28, 36, 33, 22, 36, 23, 32, 30]"
880,30,2.1599838733673096,"[30, 38, 39, 45, 35, 32, 25, 26, 33, 32, 23, 22, 40, 28, 36, 20, 21, 19, 24, 38, 23, 33, 31, 23, 24, 32, 38, 31, 20, 19]"
880,30,1.802459716796875,"[31, 25, 32, 21, 31, 26, 27, 26, 40, 25, 26, 15, 39, 26, 36, 41, 28, 26, 35, 25, 25, 17, 37, 29, 32, 29, 25, 45, 24, 36]"
880,30,1.5911500453948975,"[24, 40, 37, 31, 22, 39, 30, 26, 34, 23, 31, 27, 24, 27, 29, 32, 27, 32, 38, 22, 31, 31, 22, 25, 31, 22, 44, 26, 33, 20]"
885,30,1.8797717094421387,"[32, 25, 32, 27, 28, 26, 29, 33, 23, 24, 25, 26, 34, 34, 23, 27, 38, 37, 24, 37, 34, 25, 38, 32, 33, 26, 16, 29, 30, 38]"
885,30,1.6461257934570312,"[34, 36, 30, 29, 26, 29, 28, 25, 28, 31, 21, 27, 36, 20, 25, 25, 21, 40, 29, 28, 30, 33, 35, 30, 25, 35, 27, 40, 32, 30]"
885,30,2.1249330043792725,"[26, 30, 20, 45, 27, 30, 28, 27, 27, 26, 28, 43, 23, 28, 26, 35, 33, 33, 30, 15, 23, 25, 25, 21, 29, 36, 33, 40, 30, 43]"
885,30,2.303205966949463,"[31, 25, 19, 34, 30, 28, 31, 54, 23, 16, 24, 26, 30, 35, 31, 24, 18, 19, 31, 48, 39, 18, 37, 23, 27, 30, 45, 25, 42, 22]"
885,30,1.6373960971832275,"[34, 33, 47, 29, 26, 31, 31, 27, 26, 30, 26, 27, 29, 40, 29, 32, 26, 24, 30, 31, 27, 25, 29, 26, 28, 31, 27, 31, 24, 29]"
890,30,2.0986998081207275,"[28, 29, 29, 26, 22, 28, 31, 19, 41, 28, 23, 29, 30, 22, 31, 19, 38, 36, 33, 30, 40, 34, 35, 26, 34, 31, 31, 24, 38, 25]"
890,30,2.134692668914795,"[32, 32, 31, 25, 29, 24, 34, 22, 16, 41, 20, 27, 37, 35, 22, 32, 27, 39, 31, 30, 34, 25, 28, 28, 32, 40, 25, 31, 30, 31]"
890,30,2.0604429244995117,"[39, 32, 27, 25, 22, 26, 36, 32, 20, 35, 24, 30, 28, 37, 29, 27, 28, 20, 31, 38, 36, 24, 29, 28, 27, 21, 24, 40, 43, 32]"
890,30,2.024017572402954,"[40, 34, 31, 31, 19, 28, 35, 25, 25, 28, 32, 19, 23, 26, 24, 24, 29, 33, 26, 30, 34, 26, 42, 30, 37, 36, 23, 23, 35, 42]"
890,30,2.009058952331543,"[27, 32, 25, 28, 29, 27, 27, 29, 33, 29, 25, 30, 34, 37, 27, 24, 29, 22, 29, 30, 18, 31, 34, 41, 43, 22, 29, 28, 29, 42]"
895,30,2.0293893814086914,"[31, 38, 35, 28, 16, 46, 26, 43, 34, 33, 30, 19, 32, 29, 32, 28, 36, 40, 24, 38, 20, 18, 26, 32, 30, 23, 19, 27, 37, 25]"
895,30,2.089925527572632,"[35, 26, 29, 33, 30, 24, 33, 32, 30, 26, 26, 21, 30, 31, 34, 21, 43, 38, 29, 25, 26, 22, 31, 43, 25, 26, 28, 28, 28, 42]"
895,30,1.8361258506774902,"[30, 35, 38, 38, 31, 26, 32, 35, 31, 29, 26, 31, 24, 40, 36, 23, 19, 42, 21, 35, 23, 23, 22, 35, 13, 26, 34, 36, 22, 39]"
895,30,2.070716142654419,"[37, 35, 31, 30, 28, 26, 26, 25, 24, 34, 36, 37, 25, 33, 24, 30, 31, 47, 21, 27, 26, 45, 36, 14, 18, 39, 26, 23, 38, 23]"
895,30,2.150933027267456,"[27, 34, 27, 35, 30, 23, 33, 27, 35, 28, 33, 31, 36, 26, 27, 29, 27, 37, 25, 26, 18, 25, 38, 29, 26, 34, 37, 38, 24, 30]"
900,30,1.8506510257720947,"[20, 36, 27, 25, 31, 43, 32, 28, 30, 31, 42, 28, 22, 28, 34, 30, 41, 27, 33, 41, 18, 30, 25, 20, 29, 30, 32, 37, 21, 29]"
900,30,2.008699655532837,"[18, 25, 29, 25, 31, 32, 41, 28, 29, 45, 25, 32, 34, 34, 26, 33, 31, 37, 31, 27, 35, 31, 25, 31, 28, 16, 43, 19, 28, 31]"
900,30,2.230665922164917,"[27, 42, 39, 30, 25, 19, 39, 33, 19, 28, 21, 40, 28, 27, 46, 32, 19, 41, 28, 31, 24, 32, 33, 34, 17, 36, 25, 25, 21, 39]"
900,30,2.1939990520477295,"[29, 16, 31, 27, 33, 22, 37, 27, 32, 23, 27, 40, 23, 32, 25, 30, 33, 14, 27, 27, 34, 35, 33, 34, 32, 45, 49, 37, 26, 20]"
900,30,1.927642583847046,"[34, 36, 25, 31, 31, 32, 26, 26, 20, 31, 21, 36, 36, 46, 26, 21, 34, 34, 25, 28, 25, 27, 32, 33, 34, 35, 22, 36, 30, 27]"
905,31,1.9995410442352295,"[29, 37, 20, 30, 39, 25, 49, 26, 34, 33, 34, 22, 34, 41, 31, 45, 26, 15, 16, 18, 17, 34, 22, 38, 29, 24, 27, 31, 25, 28, 26]"
905,31,1.7036263942718506,"[31, 23, 31, 30, 24, 34, 30, 24, 38, 31, 34, 28, 33, 36, 34, 21, 33, 25, 37, 38, 36, 33, 16, 17, 25, 14, 24, 28, 32, 29, 36]"
905,31,1.9343163967132568,"[28, 31, 37, 31, 27, 28, 36, 22, 25, 32, 31, 33, 29, 36, 22, 29, 29, 30, 22, 26, 25, 29, 24, 39, 21, 26, 43, 31, 21, 32, 30]"
905,31,1.7621054649353027,"[30, 28, 21, 36, 36, 31, 29, 24, 21, 39, 35, 19, 25, 22, 33, 30, 32, 32, 32, 29, 27, 28, 23, 48, 28, 28, 24, 29, 22, 31, 33]"
905,31,1.8719635009765625,"[22, 34, 28, 28, 29, 29, 23, 24, 30, 29, 33, 22, 29, 26, 33, 15, 26, 29, 33, 26, 26, 27, 22, 23, 36, 39, 41, 38, 37, 39, 29]"
910,31,2.07088041305542,"[27, 21, 28, 26, 31, 36, 35, 20, 25, 41, 29, 31, 30, 18, 31, 35, 22, 34, 35, 29, 34, 31, 44, 36, 22, 22, 16, 28, 28, 39, 26]"
910,31,1.8589529991149902,"[25, 22, 37, 26, 28, 37, 41, 14, 25, 36, 27, 26, 27, 32, 32, 34, 26, 31, 30, 35, 23, 34, 24, 24, 33, 27, 32, 32, 27, 35, 28]"
910,31,1.8821845054626465,"[35, 16, 44, 33, 28, 20, 26, 29, 29, 33, 16, 30, 32, 29, 24, 24, 41, 30, 29, 19, 34, 27, 31, 23, 37, 40, 22, 22, 32, 36, 39]"
910,31,1.9195356369018555,"[31, 34, 25, 36, 17, 44, 25, 26, 40, 34, 34, 24, 29, 22, 28, 34, 16, 21, 20, 37, 37, 27, 36, 41, 14, 23, 28, 23, 43, 31, 30]"
910,31,2.4056804180145264,"[29, 26, 23, 31, 21, 24, 18, 24, 32, 46, 37, 15, 34, 25, 25, 20, 43, 17, 35, 30, 28, 34, 32, 35, 27, 28, 39, 29, 35, 26, 42]"
915,31,1.9623546600341797,"[36, 31, 42, 35, 28, 16, 31, 35, 36, 22, 36, 30, 33, 35, 24, 24, 14, 34, 16, 28, 22, 20, 36, 37, 49, 32, 28, 32, 23, 27, 23]"
915,31,2.1054909229278564,"[33, 19, 37, 27, 28, 44, 32, 34, 19, 17, 38, 31, 33, 27, 38, 21, 31, 33, 26, 30, 22, 32, 23, 41, 22, 31, 24, 31, 22, 36, 33]"
915,31,1.9716911315917969,"[25, 39, 29, 21, 35, 24, 36, 26, 40, 26, 36, 27, 31, 30, 29, 31, 30, 36, 25, 27, 33, 38, 22, 20, 22, 34, 22, 23, 34, 33, 31]"
915,31,2.0529611110687256,"[38, 28, 29, 27, 27, 37, 36, 18, 24, 29, 29, 27, 31, 28, 37, 31, 28, 24, 41, 26, 28, 28, 29, 33, 23, 22, 29, 31, 40, 27, 30]"
915,31,2.033144950866699,"[27, 24, 29, 33, 30, 23, 23, 38, 30, 33, 22, 23, 24, 32, 36, 29, 36, 33, 35, 35, 30, 27, 49, 19, 40, 27, 23, 24, 29, 22, 30]"
920,31,1.776257038116455,"[36, 31, 26, 26, 28, 30, 24, 40, 25, 23, 33, 37, 34, 23, 30, 41, 30, 30, 31, 23, 34, 34, 19, 44, 30, 34, 24, 18, 27, 31, 24]"
920,31,1.9501616954803467,"[36, 41, 29, 29, 29, 37, 21, 39, 28, 21, 26, 27, 30, 43, 31, 24, 41, 30, 27, 23, 28, 31, 32, 27, 22, 24, 30, 18, 34, 34, 28]"
920,31,1.976728916168213,"[37, 26, 38, 22, 32, 33, 33, 27, 14, 32, 22, 35, 39, 34, 42, 20, 23, 38, 21, 27, 33, 26, 34, 22, 29, 35, 20, 20, 41, 32, 33]"
920,31,1.8597774505615234,"[21, 34, 29, 25, 33, 36, 20, 37, 34, 29, 26, 28, 27, 34, 24, 27, 40, 32, 25, 32, 29, 28, 18, 31, 41, 28, 37, 28, 23, 30, 34]"
920,31,2.0450761318206787,"[25, 30, 29, 33, 28, 36, 17, 42, 33, 30, 29, 24, 18, 25, 24, 22, 31, 45, 27, 29, 33, 20, 30, 41, 36, 34, 29, 31, 31, 35, 23]"
925,31,1.947993278503418,"[26, 27, 30, 36, 30, 42, 23, 38, 25, 33, 33, 30, 38, 19, 30, 25, 36, 23, 35, 29, 29, 19, 31, 29, 30, 31, 26, 29, 29, 33, 31]"
925,31,2.1295981407165527,"[35, 26, 26, 29, 23, 33, 33, 27, 29, 33, 34, 30, 28, 23, 37, 29, 21, 37, 36, 24, 23, 29, 32, 24, 30, 30, 45, 25, 31, 30, 33]"
925,31,2.0808796882629395,"[25, 20, 30, 37, 32, 35, 28, 35, 44, 27, 29, 32, 33, 35, 27, 20, 32, 39, 21, 34, 23, 37, 30, 19, 37, 27, 36, 23, 34, 23, 21]"
925,31,2.2315165996551514,"[24, 33, 41, 38, 33, 33, 21, 30, 32, 18, 34, 33, 32, 17, 33, 37, 32, 29, 19, 28, 45, 26, 32, 25, 33, 29, 25, 45, 17, 18, 33]"
925,31,2.1351749897003174,"[28, 29, 29, 22, 36, 35, 28, 39, 35, 25, 30, 27, 17, 26, 27, 34, 40, 26, 31, 22, 30, 24, 28, 18, 36, 38, 30, 28, 41, 30, 36]"
930,31,2.1704065799713135,"[37, 29, 27, 35, 38, 30, 31, 32, 36, 35, 29, 36, 35, 28, 36, 26, 18, 27, 33, 33, 33, 24, 31, 25, 14, 26, 26, 26, 20, 35, 39]"
930,31,2.1032674312591553,"[33, 22, 25, 23, 34, 46, 40, 27, 37, 39, 31, 22, 35, 42, 26, 28, 30, 31, 22, 41, 30, 27, 26, 26, 26, 23, 31, 34, 24, 23, 26]"
930,31,2.0685677528381348,"[46, 25, 28, 28, 32, 29, 25, 26, 34, 29, 38, 42, 17, 21, 28, 29, 35, 21, 21, 29, 20, 18, 35, 37, 40, 34, 28, 27, 38, 28, 42]"
930,31,1.9453246593475342,"[28, 34, 32, 28, 22, 27, 31, 33, 32, 24, 34, 25, 36, 40, 36, 25, 42, 27, 27, 27, 28, 19, 45, 29, 24, 25, 25, 26, 28, 39, 32]"
930,31,2.3987104892730713,"[29, 24, 40, 44, 30, 51, 30, 29, 39, 23, 30, 31, 31, 17, 23, 18, 37, 24, 38, 33, 39, 28, 17, 19, 23, 37, 32, 32, 25, 35, 22]"
935,32,1.9775049686431885,"[38, 24, 34, 31, 31, 33, 30, 23, 23, 32, 28, 31, 36, 19, 38, 29, 25, 33, 23, 39, 34, 27, 21, 28, 21, 33, 28, 22, 21, 29, 34, 37]"
935,32,2.251265048980713,"[23, 34, 40, 27, 31, 19, 23, 17, 26, 24, 38, 33, 43, 20, 23, 27, 30, 27, 31, 33, 37, 28, 22, 36, 27, 27, 28, 45, 23, 26, 49, 18]"
935,32,2.0115866661071777,"[32, 28, 25, 33, 33, 27, 43, 27, 14, 30, 29, 32, 24, 26, 31, 36, 22, 40, 21, 43, 24, 14, 37, 42, 37, 25, 20, 22, 32, 33, 24, 29]"
935,32,2.0132124423980713,"[16, 28, 20, 28, 38, 27, 21, 29, 31, 34, 26, 37, 33, 29, 28, 38, 35, 33, 27, 20, 34, 41, 22, 30, 28, 30, 27, 32, 35, 31, 13, 34]"
935,32,1.9561889171600342,"[44, 25, 32, 29, 18, 32, 28, 34, 25, 34, 25, 33, 25, 31, 22, 32, 32, 36, 29, 23, 27, 30, 21, 28, 24, 38, 34, 35, 32, 22, 26, 29]"
940,32,1.8384697437286377,"[31, 31, 31, 27, 27, 33, 28, 35, 34, 30, 24, 23, 26, 33, 31, 23, 26, 24, 36, 32, 31, 35, 43, 25, 21, 35, 33, 24, 30, 27, 20, 31]"
940,32,1.9570536613464355,"[24, 25, 35, 30, 26, 26, 24, 25, 29, 37, 22, 29, 39, 36, 32, 29, 36, 28, 19, 32, 35, 33, 21, 32, 15, 39, 35, 31, 27, 34, 20, 35]"
940,32,2.014681100845337,"[32, 20, 30, 28, 28, 35, 46, 33, 32, 33, 25, 25, 27, 34, 33, 24, 38, 25, 25, 29, 37, 23, 28, 24, 31, 23, 26, 31, 28, 26, 22, 39]"
940,32,2.5094189643859863,"[27, 31, 20, 22, 24, 27, 28, 33, 31, 50, 17, 28, 28, 36, 24, 29, 23, 53, 35, 33, 16, 41, 42, 26, 31, 20, 33, 21, 29, 24, 35, 23]"
940,32,2.0594544410705566,"[40, 23, 33, 35, 29, 35, 45, 24, 27, 32, 41, 32, 28, 20, 37, 32, 31, 19, 26, 28, 33, 21, 38, 20, 37, 31, 19, 25, 30, 28, 18, 23]"
945,32,2.0379867553710938,"[30, 31, 24, 35, 35, 41, 49, 35, 34, 32, 31, 26, 22, 30, 34, 22, 34, 35, 20, 27, 35, 40, 35, 26, 18, 17, 24, 30, 20, 21, 22, 30]"
945,32,2.31211519241333,"[25, 24, 25, 34, 24, 25, 28, 25, 26, 23, 35, 30, 52, 29, 33, 33, 24, 26, 21, 26, 39, 44, 25, 52, 31, 22, 32, 28, 33, 24, 19, 28]"
945,32,1.7283835411071777,"[28, 30, 16, 33, 28, 41, 31, 38, 26, 30, 26, 26, 31, 26, 32, 36, 34, 29, 36, 22, 22, 32, 32, 28, 42, 30, 17, 22, 36, 27, 30, 28]"
945,32,2.104538917541504,"[21, 31, 29, 24, 22, 40, 27, 23, 25, 21, 38, 28, 30, 42, 14, 30, 28, 34, 24, 36, 36, 25, 24, 36, 40, 39, 19, 28, 37, 33, 35, 26]"
945,32,1.924487590789795,"[22, 30, 24, 26, 28, 26, 23, 31, 35, 25, 30, 39, 43, 33, 28, 37, 25, 33, 41, 21, 29, 36, 27, 27, 30, 30, 31, 34, 30, 19, 25, 27]"
950,32,2.1080219745635986,"[30, 34, 42, 32, 20, 20, 36, 39, 30, 39, 22, 42, 32, 26, 23, 27, 26, 41, 21, 22, 36, 27, 19, 26, 25, 22, 27, 37, 46, 23, 28, 30]"
950,32,2.28171443939209,"[37, 34, 20, 32, 38, 31, 32, 28, 25, 28, 34, 20, 20, 29, 22, 33, 29, 27, 35, 23, 22, 29, 37, 24, 15, 26, 45, 28, 30, 35, 53, 29]"
950,32,2.1080353260040283,"[31, 37, 35, 31, 21, 34, 23, 35, 13, 31, 23, 35, 23, 36, 31, 18, 29, 36, 41, 24, 40, 31, 21, 30, 36, 25, 30, 25, 52, 31, 23, 19]"
950,32,2.027656316757202,"[21, 32, 30, 28, 41, 27, 19, 31, 24, 28, 28, 21, 36, 40, 27, 34, 39, 29, 31, 32, 31, 21, 29, 28, 32, 43, 29, 32, 26, 35, 20, 26]"
950,32,2.0695698261260986,"[25, 42, 31, 28, 26, 34, 19, 20, 20, 26, 29, 29, 15, 25, 42, 38, 29, 39, 37, 32, 23, 36, 42, 22, 21, 34, 31, 40, 31, 23, 33, 28]"
955,32,2.1510753631591797,"[24, 32, 31, 25, 31, 29, 34, 36, 23, 30, 44, 27, 34, 24, 30, 37, 20, 42, 24, 37, 25, 30, 29, 28, 38, 25, 29, 37, 27, 30, 16, 27]"
955,32,2.02593731880188,"[24, 33, 29, 22, 27, 29, 35, 35, 29, 21, 32, 32, 32, 27, 32, 28, 27, 24, 32, 29, 42, 31, 25, 41, 20, 28, 30, 40, 38, 26, 31, 24]"
955,32,2.4374074935913086,"[24, 38, 33, 35, 36, 34, 22, 26, 17, 37, 21, 41, 22, 36, 23, 43, 25, 27, 46, 31, 45, 30, 38, 20, 19, 29, 36, 31, 17, 28, 23, 22]"
955,32,2.301617383956909,"[20, 20, 20, 25, 33, 34, 39, 21, 20, 20, 27, 31, 30, 31, 40, 37, 27, 24, 25, 22, 33, 29, 57, 22, 28, 30, 35, 31, 50, 29, 30, 35]"
955,32,2.0722899436950684,"[34, 30, 29, 21, 19, 34, 27, 33, 35, 35, 31, 37, 26, 25, 34, 26, 31, 27, 31, 26, 26, 30, 27, 32, 33, 29, 24, 30, 43, 36, 32, 22]"
960,32,1.9696018695831299,"[27, 24, 30, 30, 28, 32, 32, 21, 32, 41, 32, 20, 34, 37, 23, 35, 37, 30, 33, 36, 30, 25, 34, 28, 27, 24, 30, 30, 34, 28, 25, 31]"
960,32,1.939366340637207,"[25, 13, 21, 33, 31, 34, 36, 28, 20, 33, 27, 29, 28, 29, 39, 43, 20, 36, 32, 36, 33, 35, 36, 28, 23, 29, 41, 25, 28, 30, 33, 26]"
960,32,2.098418712615967,"[35, 20, 33, 24, 35, 28, 26, 41, 26, 27, 25, 44, 42, 20, 22, 22, 19, 32, 29, 23, 39, 27, 29, 26, 30, 32, 38, 34, 26, 44, 33, 29]"
960,32,2.153743028640747,"[25, 33, 27, 21, 31, 32, 32, 27, 33, 21, 31, 26, 30, 25, 32, 28, 26, 35, 33, 36, 34, 43, 36, 32, 23, 29, 35, 32, 25, 20, 29, 38]"
960,32,2.2028725147247314,"[28, 28, 23, 42, 19, 27, 41, 31, 27, 17, 31, 35, 27, 32, 17, 30, 34, 34, 40, 33, 29, 24, 20, 27, 33, 37, 31, 35, 40, 25, 25, 38]"
965,33,1.966365098953247,"[43, 45, 25, 25, 29, 28, 25, 29, 30, 20, 35, 29, 23, 28, 36, 39, 29, 25, 22, 23, 22, 31, 28, 29, 33, 22, 55, 22, 22, 29, 27, 29, 28]"
965,33,2.2087032794952393,"[31, 26, 23, 31, 29, 30, 28, 38, 24, 26, 23, 36, 33, 21, 34, 23, 28, 39, 19, 31, 37, 22, 37, 22, 29, 37, 43, 29, 14, 32, 30, 33, 27]"
965,33,2.115532636642456,"[34, 31, 34, 31, 21, 34, 33, 20, 32, 30, 26, 27, 30, 42, 35, 36, 25, 33, 26, 53, 17, 25, 30, 31, 27, 37, 19, 23, 20, 26, 23, 20, 34]"
965,33,2.0367238521575928,"[32, 34, 24, 27, 32, 25, 30, 33, 23, 32, 20, 24, 19, 40, 26, 28, 33, 29, 22, 25, 29, 29, 33, 24, 26, 23, 26, 48, 38, 34, 15, 42, 40]"
965,33,1.7947933673858643,"[33, 26, 28, 31, 32, 34, 22, 29, 36, 35, 21, 30, 31, 32, 26, 33, 34, 27, 32, 30, 31, 20, 31, 31, 35, 31, 30, 23, 33, 18, 30, 24, 26]"
970,33,1.9951038360595703,"[37, 27, 30, 22, 25, 34, 20, 22, 30, 32, 47, 39, 29, 18, 32, 34, 30, 28, 23, 23, 28, 34, 32, 30, 32, 26, 22, 27, 33, 31, 23, 33, 37]"
970,33,2.3801190853118896,"[37, 24, 33, 31, 25, 22, 27, 35, 26, 39, 26, 20, 32, 25, 41, 23, 26, 30, 27, 29, 42, 32, 30, 23, 32, 29, 22, 36, 27, 30, 28, 31, 30]"
970,33,1.8832769393920898,"[11, 32, 28, 26, 30, 31, 37, 36, 27, 20, 36, 32, 28, 39, 37, 31, 43, 31, 29, 23, 32, 27, 22, 25, 33, 36, 27, 27, 26, 37, 17, 25, 29]"
970,33,2.0599567890167236,"[31, 28, 26, 29, 23, 33, 32, 21, 20, 28, 37, 39, 23, 37, 32, 26, 39, 35, 30, 29, 35, 26, 30, 27, 25, 31, 33, 27, 31, 18, 23, 41, 25]"
970,33,2.2514045238494873,"[29, 29, 18, 23, 30, 33, 26, 40, 39, 37, 30, 25, 28, 29, 30, 33, 37, 22, 40, 27, 44, 32, 19, 22, 24, 33, 29, 29, 27, 20, 26, 30, 30]"
975,33,2.14015531539917,"[21, 24, 33, 22, 34, 28, 28, 25, 33, 33, 23, 40, 36, 33, 21, 36, 25, 36, 32, 33, 29, 26, 24, 32, 31, 23, 30, 38, 18, 34, 32, 27, 35]"
975,33,2.0309102535247803,"[36, 34, 32, 31, 26, 18, 24, 21, 26, 24, 32, 26, 35, 28, 30, 26, 34, 38, 36, 28, 31, 20, 38, 33, 31, 20, 46, 26, 28, 26, 38, 28, 25]"
975,33,2.1310997009277344,"[35, 26, 46, 26, 31, 29, 33, 21, 21, 30, 40, 26, 28, 30, 32, 26, 26, 23, 28, 30, 42, 34, 26, 26, 35, 34, 24, 32, 35, 17, 25, 27, 31]"
975,33,2.2810604572296143,"[23, 31, 33, 31, 24, 35, 30, 38, 21, 38, 41, 28, 29, 40, 26, 23, 37, 34, 28, 24, 37, 18, 32, 26, 21, 28, 17, 33, 32, 23, 33, 32, 29]"
975,33,2.067990779876709,"[25, 20, 27, 20, 30, 29, 31, 34, 32, 34, 31, 30, 34, 29, 36, 27, 25, 33, 29, 26, 34, 32, 36, 29, 33, 23, 19, 26, 46, 32, 23, 25, 35]"
980,33,2.207486152648926,"[24, 31, 18, 35, 29, 28, 26, 33, 30, 29, 53, 29, 39, 29, 32, 29, 24, 29, 27, 33, 33, 22, 28, 30, 22, 30, 26, 27, 29, 41, 35, 24, 26]"
980,33,2.020928144454956,"[30, 28, 29, 25, 29, 29, 20, 14, 30, 37, 29, 28, 29, 28, 38, 48, 31, 38, 24, 35, 35, 29, 30, 38, 36, 21, 27, 31, 24, 35, 24, 33, 18]"
980,33,2.1702897548675537,"[22, 47, 24, 30, 24, 37, 24, 25, 27, 28, 34, 33, 43, 37, 34, 31, 24, 30, 39, 26, 23, 31, 25, 20, 28, 34, 31, 21, 23, 38, 23, 35, 29]"
980,33,2.1496899127960205,"[27, 33, 40, 16, 37, 30, 21, 26, 40, 24, 27, 25, 36, 31, 28, 29, 27, 28, 26, 21, 32, 25, 38, 28, 38, 28, 29, 25, 36, 36, 32, 29, 32]"
980,33,2.2096526622772217,"[29, 40, 27, 27, 24, 30, 28, 24, 30, 36, 29, 17, 39, 34, 27, 27, 26, 31, 39, 29, 24, 31, 29, 29, 23, 39, 19, 24, 27, 36, 31, 44, 31]"
985,33,1.9705488681793213,"[34, 30, 33, 37, 35, 40, 22, 32, 40, 36, 39, 19, 27, 32, 32, 17, 33, 22, 33, 28, 26, 26, 28, 24, 40, 27, 22, 34, 25, 33, 25, 37, 17]"
985,33,2.330956220626831,"[21, 30, 18, 23, 32, 30, 20, 41, 32, 26, 33, 27, 29, 24, 32, 19, 30, 39, 50, 30, 38, 43, 35, 24, 23, 21, 34, 33, 31, 28, 44, 15, 30]"
985,33,2.1316192150115967,"[34, 31, 23, 24, 23, 38, 26, 29, 32, 25, 29, 28, 24, 35, 29, 36, 27, 25, 29, 31, 35, 37, 35, 26, 37, 30, 28, 34, 30, 35, 24, 29, 27]"
985,33,2.097965955734253,"[28, 32, 18, 39, 27, 34, 19, 28, 47, 34, 27, 30, 26, 26, 34, 35, 39, 30, 26, 36, 23, 28, 34, 25, 28, 22, 39, 22, 30, 31, 25, 28, 35]"
985,33,1.9419260025024414,"[27, 22, 26, 27, 31, 24, 31, 29, 17, 31, 30, 38, 30, 31, 36, 31, 42, 25, 26, 26, 37, 38, 27, 28, 28, 28, 27, 33, 31, 36, 34, 22, 36]"
990,33,1.9573907852172852,"[26, 24, 34, 31, 31, 27, 35, 31, 33, 19, 32, 34, 18, 34, 42, 26, 26, 25, 43, 28, 27, 29, 27, 23, 38, 26, 29, 29, 40, 23, 39, 31, 30]"
990,33,2.3505775928497314,"[32, 38, 21, 38, 26, 25, 40, 29, 27, 34, 32, 30, 38, 31, 20, 41, 28, 32, 29, 37, 33, 28, 29, 32, 23, 32, 37, 32, 22, 26, 19, 32, 17]"
990,33,1.9435315132141113,"[35, 26, 37, 47, 24, 28, 24, 31, 24, 36, 32, 44, 34, 31, 23, 25, 28, 31, 24, 31, 35, 22, 26, 24, 22, 32, 40, 20, 31, 34, 17, 28, 44]"
990,33,2.246035099029541,"[32, 38, 44, 22, 38, 36, 29, 27, 30, 20, 29, 22, 26, 23, 33, 24, 36, 39, 27, 29, 41, 23, 30, 24, 26, 25, 21, 34, 29, 44, 31, 30, 28]"
990,33,1.9599850177764893,"[35, 27, 35, 34, 21, 27, 18, 41, 41, 27, 29, 24, 31, 39, 36, 28, 33, 29, 19, 31, 24, 32, 25, 32, 29, 31, 26, 20, 35, 37, 32, 31, 31]"
995,34,2.2771787643432617,"[34, 20, 33, 27, 39, 30, 19, 26, 27, 24, 32, 21, 24, 29, 31, 28, 28, 25, 24, 26, 29, 35, 24, 37, 42, 34, 37, 28, 24, 28, 20, 32, 36, 42]"
995,34,2.3048813343048096,"[26, 37, 30, 36, 35, 29, 29, 26, 36, 30, 42, 28, 24, 26, 20, 20, 34, 17, 25, 21, 32, 29, 37, 27, 45, 27, 30, 42, 26, 27, 25, 30, 35, 12]"
995,34,2.010246515274048,"[25, 31, 23, 37, 33, 29, 22, 19, 41, 28, 41, 31, 37, 21, 25, 31, 20, 19, 39, 35, 25, 25, 37, 24, 30, 23, 30, 45, 24, 24, 25, 25, 31, 40]"
995,34,2.4332425594329834,"[19, 23, 41, 33, 34, 28, 30, 32, 22, 26, 26, 27, 30, 34, 31, 19, 30, 27, 24, 31, 23, 34, 27, 46, 23, 32, 32, 28, 28, 39, 35, 19, 25, 37]"
995,34,1.9156227111816406,"[28, 36, 26, 32, 25, 31, 33, 28, 27, 21, 30, 31, 30, 37, 32, 25, 27, 28, 30, 23, 22, 26, 27, 42, 30, 32, 31, 36, 29, 31, 30, 30, 20, 29]"
1000,34,2.4112343788146973,"[23, 17, 27, 25, 32, 38, 24, 28, 19, 51, 25, 29, 35, 25, 29, 37, 31, 40, 30, 20, 35, 35, 34, 37, 22, 17, 31, 33, 19, 31, 38, 23, 33, 27]"
1000,34,2.4941718578338623,"[36, 33, 22, 27, 28, 24, 29, 28, 16, 28, 29, 19, 33, 27, 28, 20, 19, 37, 25, 28, 37, 49, 22, 48, 25, 22, 29, 34, 32, 38, 34, 37, 27, 30]"
1000,34,2.011277198791504,"[36, 26, 30, 36, 28, 33, 30, 31, 23, 26, 39, 31, 18, 29, 25, 33, 30, 33, 21, 24, 33, 29, 26, 26, 27, 32, 26, 33, 29, 40, 30, 31, 27, 29]"
1000,34,2.1679255962371826,"[37, 32, 34, 25, 21, 26, 22, 43, 23, 43, 34, 21, 40, 24, 36, 34, 26, 45, 27, 21, 35, 26, 37, 28, 19, 21, 29, 26, 31, 28, 13, 29, 30, 34]"
1000,34,2.323821783065796,"[38, 22, 27, 39, 36, 30, 26, 23, 33, 23, 34, 22, 37, 19, 32, 42, 32, 42, 24, 35, 29, 11, 29, 35, 20, 24, 22, 24, 34, 40, 26, 36, 30, 24]"
